,id,name,room_type_category,rate,latitude,longitude,address,neighbourhood,regionName,city,daily_price,total_price
0,30557346,Kitnet independente Vila Isabel,entire_home,"4,87",-22.91694,-43.2515,0,0,0,0,73,103
1,762998122800426110,√ìtima localiza√ß√£o e pre√ßo baixo!,entire_home,"4,92",-22.913618325230708,-43.19085504515731,0,0,0,0,79,159
2,10336543,Su√≠te 2,entire_home,"4,5",-22.922155380249023,-43.20748519897461,0,0,0,0,95,105
3,40140158,"Kitnet Aconchegante em Benfica, RJ",entire_home,"4,91",-22.8903,-43.24026,0,0,0,0,94,114
4,1178574523261742246,Alugo Flat,entire_home,0,-22.89869083551905,-43.2355087790393,0,0,0,0,97,97
5,27286419,Casa em Botafogo (Rio de Janeiro),entire_home,"4,91",-22.94949,-43.18555,0,0,0,0,102,102
6,1117551154637469797,Su√≠te Privativa pr√≥x de Madureira e Engenh√£o,entire_home,"5,0",-22.87405126137696,-43.31279335986711,0,0,0,0,103,103
7,1147312457662880086,Silencioso Todo Climatizado(3Ar) +1vaga+Lavanderia,entire_home,"4,71",-22.94216,-43.19185,0,0,0,0,99,348
8,1146967414215425787,Su√≠te Privativa pr√≥x de Madureira/Engenh√£o,entire_home,"4,56",-22.87561,-43.3131,0,0,0,0,108,108
9,1171986780601762420,STudio recanto de Santa Teresa RJ,entire_home,0,-22.93104,-43.19757,0,0,0,0,109,159
10,827824510950167644,Ambiente familiar e acolhedor 2,entire_home,"4,93",-22.99439288080415,-43.23771025827105,0,0,0,0,114,114
11,785652927013622031,Ap√™zinho da Yana,entire_home,"4,74",-22.9146495,-43.1852203,0,0,0,0,117,137
12,660199480496474689,Flat Relax (205) 1 quarteirao da Praia,entire_home,"4,52",-22.983211,-43.191344,0,0,0,0,123,293
13,1212272648720722535,Ipanema 305,entire_home,0,-22.98734,-43.1946,0,0,0,0,120,205
14,966658693170026257,CP01 - Studio Aconchegante √† 2min. da Praia,entire_home,"4,82",-22.96911,-43.18485,0,0,0,0,128,228
15,1204561841463560133,TG1. Studio P√© na Areia em Copacabana.,entire_home,"5,0",-22.970114531710045,-43.18362683057785,0,0,0,0,128,228
16,1184263688152779746,Loft Atl√¢ntica em frente a praia,entire_home,"4,5",-22.963396019579452,-43.17299321684531,0,0,0,0,127,277
17,1162632127795605756,Praia de Copacabana+3Ar+Lavanderia+500Wifi,entire_home,"4,6",-22.97247,-43.18471,0,0,0,0,129,378
18,974496516756945266,Excelente apartamento na Lapa RJ,entire_home,"4,94",-22.91399,-43.19024,0,0,0,0,126,221
19,555809838939627139,Quarto em Ipanema para 2 pessoa cama de casal,entire_home,"4,5",-22.98592907747361,-43.19400861418393,0,0,0,0,127,257
20,975410445228556227,Loft em Copacabana 2,entire_home,"4,81",-22.96424,-43.18917,0,0,0,0,125,305
21,48213254,Excelente 2 quartos Santa Teresa/Bairro de F√°tima,entire_home,"4,87",-22.91905,-43.1866,0,0,0,0,127,237
22,1135655821123459825,Casa de fundos com varanda,entire_home,0,-22.879175016842588,-43.31100718501695,0,0,0,0,125,205
23,983571126365784522,SuhcasaCopacabana 35 Studio Cozy,entire_home,"4,72",-22.972699,-43.1913971,0,0,0,0,131,211
24,1201532227555531164,Studio aconchegante Centro Rio,entire_home,0,-22.9001411,-43.1799214,0,0,0,0,133,252
25,1215977639690562811,Studio confort√°vel CasaMau√° CentroRj,entire_home,0,-22.9001411,-43.1799214,0,0,0,0,132,262
26,1028410216681058561,Casa do Artes√£o,entire_home,"5,0",-22.94386857719083,-43.26066767761335,0,0,0,0,131,131
27,1226558365325401417,Praia na copa.,entire_home,0,-22.963928261209702,-43.17685893055325,0,0,0,0,131,261
28,1195763089040425348,Centro 805,entire_home,"4,4",-22.91264,-43.18549,0,0,0,0,131,211
29,1223947351521395936,Conjugado reformado na Lapa,entire_home,0,-22.91533,-43.19058,0,0,0,0,130,260
30,582061682557780725,Apartamento encantador pr√≥ximo ao hospital Icara√≠.,entire_home,"4,71",-22.895465292195457,-43.113270476460464,0,0,0,0,130,229
31,1028519340299475744,Casa Amarela,entire_home,"5,0",-22.9438593,-43.2609434,0,0,0,0,131,131
32,1110308810634133329,Studio Niter√≥i-Barcas 604,entire_home,"4,73",-22.893460764308045,-43.12302902340889,0,0,0,0,149,168
33,1010477261133644076,Apt studio √≥tima localiza√ß√£o,entire_home,"4,41",-22.89748,-43.2517,0,0,0,0,151,251
34,791388039417397404,Est√∫dio mais bonito da praia de Botafogo,entire_home,"4,76",-22.948767845376082,-43.181387145502946,0,0,0,0,150,435
35,639903115578075514,"STUDIO APARTAMENTO NOVO cora√ß√£o da lapa, aconchego",entire_home,"4,85",-22.914831395462166,-43.177503012120724,0,0,0,0,148,307
36,1196965222533919632,Cantinho aconchegante na Lapa,entire_home,0,-22.91470045871504,-43.186911195516586,0,0,0,0,147,297
37,1054145882414827679,Apartamento Flat no Centro Metr√¥,entire_home,"4,33",-22.911658071605796,-43.177455962055596,0,0,0,0,148,148
38,1202184690362703695,Apartamento no centro da cidade,entire_home,0,-22.911292300515786,-43.17674729973078,0,0,0,0,151,251
39,920461212792486048,Suhcasa Leme Beach Dreams 02,entire_home,"4,8",-22.962225,-43.1704591,0,0,0,0,153,252
40,1217309193193995785,ApartStudio 204,entire_home,0,-22.905250128094867,-43.207956455219104,0,0,0,0,154,154
41,54344349,El shadday house Copacabana,entire_home,"4,96",-22.96644,-43.18084,0,0,0,0,156,316
42,1038635278398119085,Apto Copacabana Point Posto 4,entire_home,"4,82",-22.969659207413272,-43.185471184551716,0,0,0,0,154,334
43,1039224693716327024,Studio Lapa House com vista,entire_home,"5,0",-22.9096645,-43.1842177,0,0,0,0,155,220
44,1002112079304835975,Apto compacto em Botafogo,entire_home,"4,55",-22.95365,-43.18368,0,0,0,0,156,256
45,871629042092357008,Loft estiloso 1,entire_home,"4,91",-22.915783,-43.177924,0,0,0,0,157,257
46,1129024275658375461,Lapa - Moderno quarto e sala - Rio de Janeiro,entire_home,"5,0",-22.9134068,-43.1865617,0,0,0,0,157,337
47,691222966148833526,Est√∫dio 3 encantador Posto 9 Ipanema,entire_home,"4,65",-22.9815784,-43.1997215,0,0,0,0,154,334
48,1192864504841121370,Studio no Rio com varanda e vista para a cidade,entire_home,0,-22.909009476174074,-43.17689152476146,0,0,0,0,156,336
49,1052212309636411526,Rio de Janeiro - Studio - 42m¬≤ - cama casal e sofa,entire_home,"4,64",-22.910255751821637,-43.176598287040235,0,0,0,0,156,336
50,705564743892866858,Loft em Copacabana a 1 minuto da praia,entire_home,"4,71",-22.9790855,-43.19110879999999,0,0,0,0,160,160
51,1028387013835409160,SolmarCopacabana,entire_home,"4,77",-22.983379907248004,-43.19306753575802,0,0,0,0,158,228
52,1205292202222687654,Aconchego e seguran√ßa,entire_home,"5,0",-22.893210065003615,-43.12149106954931,0,0,0,0,161,161
53,48093513,Aconchegante apartamento no Centro do Rio,entire_home,"4,72",-22.91061,-43.17662,0,0,0,0,157,267
54,1218870806397596157,Kitnet/Flat,entire_home,0,-22.89279330245612,-43.11962999403477,0,0,0,0,160,160
55,45269057,Apartamento Centro/RJ Lapa,entire_home,"4,68",-22.914385152608723,-43.18960849195719,0,0,0,0,160,410
56,942331017567010220,Apto sala  quarto Barra da Tijuca 1 h√≥spede,entire_home,0,-23.000656238257395,-43.30800598571953,0,0,0,0,160,260
57,1226356259988005287,Apartamento Porto Maravilha,entire_home,0,-22.906662736239277,-43.20819397648898,0,0,0,0,163,163
58,1187724881913872848,Um bom lugar,entire_home,"4,71",-22.91782,-43.17732,0,0,0,0,165,165
59,1203109839335938604,Loft na beira da Praia Copa,entire_home,0,-22.96376,-43.17134,0,0,0,0,167,297
60,1117565378291552769,Suhcasa Lapa Pool Flat 6,entire_home,"5,0",-22.9131651,-43.1863636,0,0,0,0,163,242
61,1148174778821120395,Apartamento ao lado da praia,entire_home,"5,0",-22.9619031,-43.1747351,0,0,0,0,167,297
62,53105386,"Casa aconchegante, na Praia de Piratininga",entire_home,"4,73",-22.94898,-43.08859,0,0,0,0,163,313
63,1051538802509798086,Maravilhoso Studio Em Copacabana,entire_home,"3,94",-22.9696849,-43.1855841,0,0,0,0,168,248
64,1051509729953340043,Studio Completo em Ipanema,entire_home,"4,64",-22.9808553,-43.1990083,0,0,0,0,168,248
65,21489728,Studio Copacabana,entire_home,"4,67",-22.97441,-43.18808,0,0,0,0,168,268
66,1198439306011997993,"pr√≥ximo ao metr√¥, √¥nibus",entire_home,0,-22.9070293,-43.1941657,0,0,0,0,171,171
67,1153019735800985363,Est√∫dio Moderno Arpoador | Jc1012 Z2,entire_home,"4,75",-22.9841247,-43.19088420000001,0,0,0,0,170,390
68,973908550103367240,Centro RJ - 1 dorm - 57m¬≤ - Cama Casal,entire_home,"5,0",-22.910219224519505,-43.177081432743556,0,0,0,0,170,350
69,1063248732117990729,Apartamento confort√°vel Niter√≥i.,entire_home,"4,87",-22.894281837528393,-43.12101623003804,0,0,0,0,170,245
70,936328794308216770,"Quitinete perto da UFF, das barcas e da praia",entire_home,"4,67",-22.90094244354976,-43.12633225030939,0,0,0,0,171,171
71,1150543343238677473,Casa,entire_home,0,-22.8983201,-43.284043,0,0,0,0,171,171
72,1152240625938402138,Apartamento completo de 57m¬≤ no Rio de Janeiro,entire_home,0,-22.90836,-43.17679,0,0,0,0,170,350
73,1051020716878786670,SuhcasaCopacabana 39 Cozy Beach,entire_home,"4,86",-22.9690417,-43.1866967,0,0,0,0,178,257
74,49614692,Apto em Copacabana  e 350 metros da praia!,entire_home,"4,66",-22.984237670898438,-43.1912727355957,0,0,0,0,176,226
75,1087879376088272260,Selfie Tech Copacabana by Housi,entire_home,"4,77",-22.96567,-43.19245,0,0,0,0,178,343
76,51550974,Flat Ocean (206) a 1 quarteir√£o da praia,entire_home,"4,44",-22.983212,-43.191345,0,0,0,0,173,343
77,1222599341240772380,Insight Flamengo by Housi,entire_home,0,-22.924778,-43.1730418,0,0,0,0,178,328
78,1147653455259889443,Studio no Centro/Lapa,entire_home,"5,0",-22.910518072134536,-43.18796698004007,0,0,0,0,178,228
79,1083469332972596309,Bossa Copa Studio,entire_home,"4,67",-22.965764377849617,-43.18072937428951,0,0,0,0,176,371
80,1076785182594927235,Lindo Conjugado pr√≥ximo aos Arcos da Lapa e Praia!,entire_home,0,-22.916919280793234,-43.17971312945075,0,0,0,0,177,217
81,1152333461239239905,2 quartos prox. CorcovadoFlorest,entire_home,0,-22.94772,-43.26055,0,0,0,0,174,212
82,745290109811086703,Studio Moderno Arpoador Rio de Janeiro,entire_home,"4,86",-22.98533,-43.19189,0,0,0,0,178,428
83,825349203160904809,"Anfitrioca 
Apartamento Aconchegante e Espa√ßoso.",entire_home,"4,88",-22.92288,-43.18182,0,0,0,0,173,348
84,794943118184108966,Pal√°cio do Samba,entire_home,"4,25",-22.902837351859127,-43.20428730592797,0,0,0,0,178,228
85,1102313815274997894,Selfie Tech Copacabana by Housi,entire_home,"4,4",-22.965080353934837,-43.193852507252615,0,0,0,0,178,343
86,1153024742692951360,Perfeito em Copacabana |Quarto confort√°vel| Br401,entire_home,"4,75",-22.9688563,-43.1858949,0,0,0,0,183,393
87,1197060190692535045,Ipanema Sunset 616,entire_home,0,-22.983081611447805,-43.19607597232974,0,0,0,0,183,363
88,984784749607559716,Cafofinho da Senador,entire_home,"4,88",-22.9394256,-43.1766368,0,0,0,0,183,310
89,1118677526078583404,Apartamento Pra√ßa da Bandeira-Tijuca Blue Utile,entire_home,"5,0",-22.914873087862293,-43.21238245815039,0,0,0,0,179,197
90,1226822071285617989,Apto 200m da Praia de icara√≠,entire_home,0,-22.9057262,-43.10906079999999,0,0,0,0,179,179
91,770114576770409942,Ap√™ Charmoso da Carioca-RJ,entire_home,"4,86",-22.91017,-43.17734,0,0,0,0,179,259
92,1177550025792335596,Studio Home Leblon,entire_home,0,-22.98228,-43.22418,0,0,0,0,183,268
93,872555581704667859,"400m Arcos da Lapa/Selaron, Catedral, Consulado",entire_home,"4,93",-22.914841208166,-43.17707792796078,0,0,0,0,183,368
94,1019050238915588279,Quarto de servi√ßo  aconchegante para mulheres,entire_home,0,-22.991863502645174,-43.253069107455964,0,0,0,0,183,183
95,1039066795964610269,Charmoso e aconchegante em Copacabana!,entire_home,"4,89",-22.96532,-43.17464,0,0,0,0,187,297
96,918203826169340122,Tudo em torno no Centro,entire_home,"4,84",-22.9104773,-43.1773261,0,0,0,0,188,188
97,1161665493698851882,Est√∫dio em Copacabana design,entire_home,0,-22.962906460872848,-43.17492200375863,0,0,0,0,185,285
98,1005839814307006760,Conforto na Tijuca | Pr√≥ximo ao metro | Cv410 Z5,entire_home,"4,76",-22.924093858154787,-43.22929693028035,0,0,0,0,187,407
99,1071838665450915392,Cantinho no centro do Rio,entire_home,"5,0",-22.91507,-43.18464,0,0,0,0,184,274
100,982780250439813421,Copacabana princesinha do mar,entire_home,"4,83",-22.984250329280783,-43.19123324006796,0,0,0,0,188,388
101,50598196,Loft encantador ao lado da Lapa e samb√≥dromo,entire_home,"4,85",-22.91265,-43.18583,0,0,0,0,188,308
102,1180332952178290719,Maravilhoso apartamento!,entire_home,"4,67",-22.96912,-43.18888,0,0,0,0,205,205
103,51080819,Loft em Copacabana-vista mar e fogos do r√©veillon,entire_home,"4,84",-22.96373,-43.17464,0,0,0,0,202,302
104,1197772393305827721,Apartamento nov√≠ssimo bem localizado | Lobie,entire_home,0,-22.901215416816623,-43.179286815228515,0,0,0,0,203,303
105,1186316859792934333,Rjbeachferias,entire_home,0,-22.985277555682785,-43.20832209400449,0,0,0,0,204,204
106,1174019332332650198,"Studio em Copacabana, 300 metros da praia | Hg610",entire_home,"4,33",-22.96716,-43.184,0,0,0,0,204,414
107,891950547329846968,Lindo apartamento no Centro.,entire_home,"5,0",-22.90539390909534,-43.18037264049054,0,0,0,0,205,205
108,690531081117592532,"Rio de Janeiro 
Ap. Lindo,  √≥tima localiza√ß√£o",entire_home,"5,0",-22.92112,-43.18034,0,0,0,0,205,205
109,828938500790746982,Aconchegante su√≠te(anexo) vist√£o mar,entire_home,"4,78",-22.9126475,-43.10874219999999,0,0,0,0,204,237
110,1223451911044020059,Hospedagem Rock in Rio,entire_home,0,-22.897983348033268,-43.18379541179,0,0,0,0,204,354
111,1217429544027236623,Casa em vila universit√°ria,entire_home,0,-22.89800555597213,-43.12627358965768,0,0,0,0,205,205
112,1016782059912538246,Studio Encantador em Copacabana,entire_home,"4,18",-22.9651463985759,-43.17972021119444,0,0,0,0,207,287
113,1166125661263273849,Apart hotel  Copacabana    Com varanda,entire_home,"5,0",-22.96728,-43.18637,0,0,0,0,207,297
114,1221089499783707830,Flat copa Rio,entire_home,0,-22.975589,-43.1925665,0,0,0,0,258,258
115,804226927939550242,Apt Moderno com Piscina Centro Lapa,entire_home,"5,0",-22.9127058,-43.17764990000001,0,0,0,0,208,358
116,1120312263588747971,Apartamento espa√ßoso com 1 cama perto da praia,entire_home,0,-22.973955989981537,-43.188894526983646,0,0,0,0,210,450
117,565291234795766710,"Praticidade, Localiza√ß√£o, o mais pr√≥ximo.",entire_home,"4,93",-22.89224,-43.12028,0,0,0,0,208,208
118,42364708,Est√∫dio 12 (Novo) Lapa/ Santa Teresa,entire_home,"4,92",-22.9158,-43.18616,0,0,0,0,210,249
119,2168644,Quarto e sala na Lapa,entire_home,"4,54",-22.91203,-43.19007,0,0,0,0,211,411
120,14294532,Bangalo aconchegante a 4 quadras praia Sao Franc,entire_home,"4,82",-22.91757,-43.08861,0,0,0,0,210,325
121,736375085106563396,Casinha na cidade com natureza,entire_home,0,-22.91426,-43.26648,0,0,0,0,207,337
122,989749082791642744,Studio aconchegante a 3 min da praia e metr√¥,entire_home,"4,87",-22.96927,-43.18459,0,0,0,0,216,216
123,1181391707130533325,Temporada RJ Princesinha do mar.,entire_home,"5,0",-22.963788748921434,-43.17412471385921,0,0,0,0,211,211
124,10035945,"Copacabana/Ipanema,vista mar,quase esquina praia",entire_home,"4,85",-22.981731,-43.190571,0,0,0,0,213,353
125,1060770416029908795,Balan√ßo do Mar Tc609,entire_home,"4,5",-22.9758,-43.1879,0,0,0,0,213,313
126,1060771520829202932,Tc1206 Casal na praia de Copacabana,entire_home,"4,33",-22.97809700842847,-43.1880735049129,0,0,0,0,213,313
127,712205377797840938,Moderno Qto&Sala na Praia de Copacabana,entire_home,"4,69",-22.97743,-43.18994,0,0,0,0,213,313
128,843329247117278631,Home Office na Praia de Copacabana Tc1204,entire_home,"4,4",-22.978014192074898,-43.18950868864112,0,0,0,0,213,313
129,1060769622895887135,Tc1208 Studio na rua da praia,entire_home,0,-22.97754435771811,-43.187804371956375,0,0,0,0,213,313
130,2277210,"F√©rias, vem! Wi-fi 500 de velocidade.",entire_home,"4,8",-22.91721,-43.17908,0,0,0,0,216,216
131,1115155093022043830,Vista Fant√°stica + Lugar Charmoso,entire_home,"5,0",-22.96018,-43.19145,0,0,0,0,214,294
132,792921753722832031,Aconchego no cora√ß√£o de Niter√≥i,entire_home,"4,85",-22.89359512110938,-43.11986334621906,0,0,0,0,215,215
133,1184225441056844718,kitnet no Vidigal,entire_home,0,-22.99605,-43.2411,0,0,0,0,211,211
134,271975,Apartamento com vista para o mar inacredit√°vel,entire_home,"4,14",-22.99508,-43.23604,0,0,0,0,215,365
135,857385636446924971,Lindo Conjugado completo,entire_home,0,-22.917818791571964,-43.17972209102435,0,0,0,0,216,216
136,1160976148578891360,Studio O Ninho do P√°ssaro em Copa Tc604,entire_home,0,-22.97603,-43.18828,0,0,0,0,213,313
137,937197344309949538,Copacabana vista lateral mar 150 metros da praia,entire_home,"5,0",-22.9638996,-43.174845,0,0,0,0,221,371
138,1221039342688157940,Apartamento bem localizado,entire_home,0,-22.963104895494297,-43.17771524190903,0,0,0,0,220,370
139,1153066208298368859,Ref√∫gio em Copacabana | Para 4 pessoas | Nsc401 Z4,entire_home,0,-22.967772369947497,-43.185448618980665,0,0,0,0,220,470
140,655233228812006561,"Doce amor, Florais de Santa .",entire_home,"5,0",-22.93091,-43.19812,0,0,0,0,220,320
141,1202451775310666293,Apartamento no cora√ß√£o da Lapa,entire_home,0,-22.9108754,-43.18480659999999,0,0,0,0,217,337
142,1200205666936126880,apartamento calmo,entire_home,0,-22.864438503214842,-43.29458914408326,0,0,0,0,219,219
143,1191436619582150903,C7+ Amplo apartamento junto √† Praia de Copacabana,entire_home,0,-22.96360584998374,-43.17670603861156,0,0,0,0,226,325
144,18637478,Incr√≠vel Loft Vista Sensacional do Rio de Janeiro,entire_home,"4,75",-22.91051,-43.10706,0,0,0,0,226,331
145,19732573,Apartamento de 1 Quarto - Copacabana,entire_home,"4,74",-22.97445,-43.1901,0,0,0,0,227,377
146,648556078072699848,Apartamento Studio na Lapa,entire_home,"4,89",-22.9118,-43.1876,0,0,0,0,227,297
147,14522798,Apartamento Mariza Copacabana,entire_home,"4,84",-22.98186,-43.19138,0,0,0,0,227,475
148,1221807381054679760,Charmoso est√∫dio no centro,entire_home,0,-22.9099284,-43.1884173,0,0,0,0,227,377
149,1014558205239244526,Est√∫dio c WiFi e boa localiza√ß√£o na Cinel√¢ndia/RJ,entire_home,"3,33",-22.90897491920293,-43.178583129403414,0,0,0,0,223,353
150,904223418453884502,C7 Apartamento amplo junto √† Praia de Copacabana,entire_home,"4,88",-22.96198944446604,-43.1771295019176,0,0,0,0,226,325
151,1026270030575773630,C7O Amplo apartamento junto √† Praia de Copacabana,entire_home,"4,67",-22.96477,-43.1773,0,0,0,0,226,325
152,666517139659282725,"Quadra da Praia com Wi-Fi, 2 quadras do Metr√¥",entire_home,"4,91",-22.97633,-43.18952,0,0,0,0,228,228
153,42489393,C1+ Copacabana! Conforto junto √† PRAIA & METR√î,entire_home,"4,95",-22.9652,-43.1885,0,0,0,0,230,329
154,883476211654884467,Studio Zona Sul Laranjeiras RJ,entire_home,"4,88",-22.935272963383696,-43.189843855798244,0,0,0,0,231,261
155,1195851710684412572,Apartamento lindo Quadra da Praia de Copacabana,entire_home,0,-22.96924101529815,-43.181555391092566,0,0,0,0,229,369
156,1065334916170508841,Est√∫dio a 300m da Praia de Copacabana | PJ 335/603,entire_home,"5,0",-22.962158922381906,-43.17500901829225,0,0,0,0,230,450
157,52006866,Espa√ßo Funcional Na Melhor Localiza√ß√£o da Tijuca.,entire_home,"4,98",-22.921091,-43.233524,0,0,0,0,232,262
158,1052955185880477519,Studio a 160m da Praia de Copacabana | PJ 135/507,entire_home,"4,86",-22.96463682255113,-43.174127350339035,0,0,0,0,230,430
159,1217460377846879382,Apartamento bem localizado,entire_home,0,-22.96976911084153,-43.18394400179386,0,0,0,0,228,228
160,47919850,Copacabana ideal para casais | Rpp913 Z2,entire_home,"4,9",-22.98455,-43.19252,0,0,0,0,232,452
161,1042576899855023762,Lugar super tranquilo,entire_home,0,-22.996091501154023,-43.24191717220359,0,0,0,0,228,228
162,1083613113659243304,Loft Blue Vista Mar de Copacabana,entire_home,"4,83",-22.963756266953254,-43.17493345588446,0,0,0,0,230,410
163,805719864279174626,Quarto & Sala a 200m da praia | FS 35/703,entire_home,"4,46",-22.98377396026929,-43.19265631661324,0,0,0,0,230,450
164,1053756202332288557,Apartamento decorado a 550 m da Praia | SF 228/329,entire_home,"3,75",-22.98054654824033,-43.1958634180328,0,0,0,0,230,430
165,30713878,"Studio Pet-friendly em Copacabana, 50 metros da pr",entire_home,"4,55",-22.98243,-43.19034,0,0,0,0,232,442
166,706582983077424123,"Apartamento bem acomodado, Localiza√ß√£o maravilhosa",entire_home,0,-22.98574,-43.30672,0,0,0,0,228,228
167,1088318838575777940,Casa na prainha Piratininga,entire_home,"4,8",-22.950944966652283,-43.09519373466837,0,0,0,0,228,228
168,1213807201299573603,Kitinet Copacabana,entire_home,0,-22.98177,-43.19297,0,0,0,0,228,228
169,1226788865820003684,Lindo apartamento,entire_home,0,-22.905959,-43.24313120000001,0,0,0,0,228,228
170,1203743432022027811,apto pr√≥ximo dos ptos tur√≠stico.,entire_home,0,-22.901023455273094,-43.24135400354862,0,0,0,0,228,228
171,1216851573965846590,Z√©'s  House,entire_home,0,-22.9339568,-43.17580479999999,0,0,0,0,228,228
172,1212177958072536237,nova kit rua da lapa,entire_home,0,-22.915783,-43.177924,0,0,0,0,228,228
173,40869493,C1 Copacabana! Conforto junto √† PRAIA & METR√î,entire_home,"4,9",-22.96548,-43.18823,0,0,0,0,230,329
174,1184165356278393355,"Studio com Vista-mar, a 160m da Praia | PJ 135/411",entire_home,0,-22.964655299986365,-43.17438109109034,0,0,0,0,230,450
175,702992901276321915,Aconchegante Apto Copacabana,entire_home,0,-22.9679,-43.18203,0,0,0,0,228,228
176,1174056074169969656,√ìtimo apartamento na Gl√≥ria.,entire_home,0,-22.92285,-43.1808268,0,0,0,0,229,229
177,27508817,Quarto prox. Engenh√£o e Norte Shopping,entire_home,"4,62",-22.88648,-43.29154,0,0,0,0,232,259
178,32896403,Flat 117-B no Hotel Real Residence - Copacabana,entire_home,"4,74",-22.96059,-43.17433,0,0,0,0,234,274
179,2809851,Copacabana de frente pra praia -vista deslumbrante,entire_home,"4,73",-22.97603,-43.18832,0,0,0,0,235,365
180,1011755436557585624,O√°sis de praia de Copa Contempor√¢nea,entire_home,"4,98",-22.964801998855158,-43.17605584408388,0,0,0,0,234,454
181,1193556845921607998,"Copacabana de frente pra praia, lindo!",entire_home,"5,0",-22.97670975078918,-43.18760985721587,0,0,0,0,235,365
182,664543949995991700,"LOFT reformado Copacabana, junto a Praia e Metr√¥.",entire_home,"4,75",-22.96584,-43.18893,0,0,0,0,235,375
183,47023768,Novo em folha de edif√≠cio √† beira-mar!,entire_home,"4,73",-22.98243,-43.19019,0,0,0,0,234,434
184,1147152513027441511,Apartamento lindo Quadra da Praia de Copacabana,entire_home,"5,0",-22.967671741654783,-43.1814680476526,0,0,0,0,235,375
185,568792049002317361,Apto silencioso a 2 quadras da praia do Posto 4,entire_home,"4,86",-22.97476,-43.19132,0,0,0,0,237,377
186,1086393907755166665,Loft Copa/Ipanema!,entire_home,"4,9",-22.98251009076052,-43.192263543605804,0,0,0,0,233,428
187,595438638069068260,Apzinho da Lapa - Rio de Janeiro - Centro,entire_home,"4,92",-22.912706,-43.17765,0,0,0,0,234,434
188,614285873281901533,Kitnete aconchegante vintage na praia de Icara√≠,entire_home,"4,71",-22.9099078,-43.1099379,0,0,0,0,233,268
189,14226433,Est√∫dio no cora√ß√£o de Copacabana,entire_home,"4,9",-22.97093,-43.18774,0,0,0,0,235,405
190,1226363960903364978,Apto Lapa/Consulado/SDU Conforto e Sofistica√ß√£o,entire_home,0,-22.913203749989222,-43.17688644919717,0,0,0,0,236,386
191,576658730576927684,Casa agrad√°vel no Vidigal .,entire_home,"4,88",-22.99666,-43.23706,0,0,0,0,235,285
192,783187055788266484,"Apt.aconchegoCOPA, 600mtspraia.",entire_home,"4,71",-22.96657257843752,-43.18765050793457,0,0,0,0,236,374
193,1061057973071431352,apartamento no rio,entire_home,0,-22.919640382583648,-43.190698641437955,0,0,0,0,235,235
194,613823025616930972,"LOFT reformado Copacabana, junto a praia e Metr√¥.",entire_home,"4,88",-22.966928,-43.187908,0,0,0,0,235,375
195,664547137660228349,"LOFT reformado Copacabana, junto a praia e Metr√¥",entire_home,"4,7",-22.96576,-43.187,0,0,0,0,235,375
196,1144883851499486940,Copa Pleasant HIR 51,entire_home,"4,71",-22.97682,-43.18988,0,0,0,0,238,238
197,797772886910256233,Copa Cousy HIR 9,entire_home,"4,84",-22.98131,-43.18979,0,0,0,0,238,238
198,23077592,Rio Rentals 021- C043 Studio com hidromassagem na quadra da praia de Copacabana.,entire_home,"4,21",-22.96342,-43.17344,0,0,0,0,240,456
199,668105700235143060,Lobie Ipanema - Cl√°ssico,entire_home,"3,83",-22.98649,-43.19253,0,0,0,0,240,340
200,862882677094936973,Apartamento Design - Ipanema,entire_home,"4,6",-22.9851873,-43.2036921,0,0,0,0,241,339
201,1081199034678997826,Est√∫dio no Leblon,entire_home,"4,95",-22.9818924,-43.2204256,0,0,0,0,238,317
202,1122473738170595265,apartamento no centro da cidade,entire_home,0,-22.9108325,-43.1934768,0,0,0,0,241,331
203,632538611239417572,"LOFT reformado Copacabana, junto √† Praia e Metr√¥",entire_home,"4,9",-22.966928,-43.187908,0,0,0,0,247,387
204,970454215669849890,Loft Vista dos Arcos,entire_home,"4,95",-22.91083,-43.17822,0,0,0,0,248,248
205,1208797797566806918,Copacabana studio 1 min da praia e prox ao metr√¥,entire_home,0,-22.9652,-43.17482,0,0,0,0,244,434
206,825776672953731111,Conjugado bem localizado em Copacabana,entire_home,"4,79",-22.96325,-43.18102,0,0,0,0,247,377
207,871918439576027299,Apartamento Sandy-Urca,entire_home,"4,97",-22.956352441173326,-43.17561903068846,0,0,0,0,247,437
208,1179097625102704082,Charmoso Loft/casa em Botafogo,entire_home,0,-22.957932,-43.194391,0,0,0,0,246,246
209,45413048,Apt na praia de Copacabana,entire_home,"4,47",-22.96164,-43.17638,0,0,0,0,247,397
210,28625587,Relaxar e se divertir em Copacabana,entire_home,"4,71",-22.98195,-43.19482,0,0,0,0,248,248
211,53878606,"Ap Completo, linda vista e paz (Vidigalhouse)",entire_home,"4,84",-22.99287,-43.23744,0,0,0,0,243,343
212,1211640703462616926,Apto Praia de Icara√≠ com portaria 24h,entire_home,0,-22.91165385147483,-43.10885223075271,0,0,0,0,247,386
213,745071504957783233,copo de loft,entire_home,0,-22.970479138555067,-43.18684057920348,0,0,0,0,256,256
214,30795309,Apto. reformado em Copacabana a 100m da praia,entire_home,"4,66",-22.97389,-43.18578,0,0,0,0,256,456
215,965097864349139813,Aconchego em Copa | Ideal p/ fam√≠lia | Brx1005 Z5,entire_home,"4,75",-22.96346,-43.1751,0,0,0,0,256,546
216,7438352,Apartamento Conjugado Na Gl√≥ria,entire_home,0,-22.91878,-43.17932,0,0,0,0,256,456
217,899418626299555258,Copa Beauty HIR 7,entire_home,"4,5",-22.9802974,-43.1908436,0,0,0,0,261,261
218,786952334979127392,Copa Rio HIR 12,entire_home,"4,82",-22.96958254858895,-43.18579916810064,0,0,0,0,261,261
219,1056733430607660467,Copa Subway Charm HIR 39,entire_home,"4,77",-22.981881998162322,-43.19504650608215,0,0,0,0,261,261
220,809669059243342017,Studio na Praia de Botafogo,entire_home,"4,93",-22.94503888015619,-43.18253795396729,0,0,0,0,260,385
221,1137676745138889141,Copa Friends HIR 40,entire_home,"4,36",-22.97958,-43.192,0,0,0,0,261,261
222,47315605,Casa com vista para o mar e perto das praias.,entire_home,"4,97",-22.99665,-43.23692,0,0,0,0,262,342
223,1208739178114831968,Apt Guinle II,entire_home,0,-22.952169246907037,-43.18699666825409,0,0,0,0,263,353
224,782467798682500856,Rio Rentals 021- C047 Studio na quadra da praia com m√°quina de lavar.,entire_home,"3,88",-22.96389,-43.17485,0,0,0,0,264,480
225,45597204,Apartamento 3 quartos em Icara√≠,entire_home,"4,9",-22.91202,-43.10531,0,0,0,0,264,314
226,35384092,O melhor acesso aos principais pontos do Rio,entire_home,"4,85",-22.91294,-43.21379,0,0,0,0,262,262
227,664648704744088680,"COPA SOL: amplo, arejado e iluminado PRAIA e METRO",entire_home,"4,73",-22.9624837,-43.1761021,0,0,0,0,264,364
228,34684199,Apartamento Botafogo- (excelente localiza√ß√£o ),entire_home,"4,71",-22.95287,-43.18406,0,0,0,0,262,422
229,51754402,"Apt N S de Copacabana, perto de tudo!",entire_home,"4,77",-22.97145,-43.18496,0,0,0,0,262,512
230,766744331169700970,Copa Family HIR 2,entire_home,"4,91",-22.9794,-43.19134,0,0,0,0,261,261
231,53012036,Casa 2 com vista para o mar e perto das praias,entire_home,"4,97",-22.99813,-43.23815,0,0,0,0,262,342
232,782573850473863459,Tc602 Melhor Vista do Rio !,entire_home,"4,47",-22.97785,-43.18966,0,0,0,0,269,369
233,1101520339056289981,Apartamento Moderno a 300m da Praia | RPU 326/702,entire_home,0,-22.96536,-43.18168,0,0,0,0,266,486
234,37528061,Qto&Sala a 250m da Praia de Ipanema | JN 185/205,entire_home,"4,51",-22.98601,-43.19485,0,0,0,0,266,486
235,1050185649759826421,Studio decorado a 500m da Praia | HC 827/107,entire_home,"4,38",-22.981578531254534,-43.2240420596785,0,0,0,0,266,466
236,972505158258530337,Charme Lapa-Gl√≥ria no Rio,entire_home,"4,25",-22.9164573,-43.1777677,0,0,0,0,265,285
237,771994535996972366,Apartamento quadra da praia,entire_home,0,-22.96977126404736,-43.18404793739318,0,0,0,0,269,399
238,45067473,Apartamento em Ipanema com garagem | BT 82/208,entire_home,"4,6",-22.98222,-43.19866,0,0,0,0,266,536
239,816066408946596565,Aconchegante/arejado/simp√°tico,entire_home,"4,95",-22.9159034,-43.1914689,0,0,0,0,269,399
240,54020259,Cond resid com elevador rua tranquila.,entire_home,"4,92",-22.923385620117188,-43.24334716796875,0,0,0,0,270,320
241,1110800742221199246,Para√≠so na Praia de Copacabana Tc202,entire_home,0,-22.97570285406123,-43.18797990449418,0,0,0,0,269,369
242,1129523981677000203,Tc1002 Vista Panor√¢mica de Copacabana,entire_home,0,-22.97798,-43.18944,0,0,0,0,269,369
243,1107441605716283865,Copa Couple HIR 41,entire_home,"4,61",-22.965717977507776,-43.19049632469977,0,0,0,0,273,273
244,1115384691930992575,Apto Conforto a Passos da Praia,entire_home,"4,9",-22.98767,-43.18961,0,0,0,0,275,440
245,1045675993419914233,Apartamento no Leme - a 200m da praia,entire_home,"4,67",-22.963048303610517,-43.16787086732717,0,0,0,0,274,274
246,996627777399432636,ALMA de Copa,entire_home,"4,81",-22.9787516,-43.1904169,0,0,0,0,271,421
247,1037615796427449505,Cantinho Aconchegante Botafogo,entire_home,"5,0",-22.941532841568712,-43.18100295960903,0,0,0,0,272,422
248,1052808988133378650,"Cora√ß√£o do Leblon, quarto e sala",entire_home,"5,0",-22.98365,-43.22171,0,0,0,0,271,451
249,1050776546320312407,Copacabana Palace (Home Office),entire_home,"4,67",-22.9656201,-43.179405,0,0,0,0,272,522
250,1181856698731548332,Museu hist√≥rico da cidade,entire_home,0,-22.980178618270074,-43.24039216502388,0,0,0,0,274,274
251,1193005795748317927,Apartamento perto de tudo,entire_home,0,-22.8651158,-43.2952403,0,0,0,0,274,274
252,1147189610217273014,casa temporada em Santa Teresa,entire_home,0,-22.92631,-43.1919,0,0,0,0,274,274
253,1202915506423672538,Studio Praia de Copacabana,entire_home,0,-22.9645918,-43.1742672,0,0,0,0,278,428
254,1222607196113945891,Incr√≠vel Apartamento com Vista Mar | SkyLux,entire_home,0,-22.89894328818149,-43.1780640040666,0,0,0,0,279,379
255,1076188436329784119,Rio Rentals 021- C003 Apartamento a uma quadra da,entire_home,0,-22.96525,-43.17541,0,0,0,0,276,492
256,31779502,Vidiga Ocean View,entire_home,"4,95",-22.9986,-43.23909,0,0,0,0,278,388
257,953792453692492416,Loft em Santa Teresa,entire_home,0,-22.921261656192346,-43.18582942086075,0,0,0,0,279,399
258,1086914490773974141,"Casa agrad√°vel, bem localizada",entire_home,0,-22.9545059,-43.2004691,0,0,0,0,279,399
259,659361655691049810,COPA CRIATIVE,entire_home,0,-22.9649988,-43.1754618,0,0,0,0,278,428
260,1211674043415748582,Apartamento quarto e sala reformado em Copacabana,entire_home,0,-22.9672858,-43.1810419,0,0,0,0,285,285
261,812939750380298559,Peq Su√≠te Casal,entire_home,"4,77",-22.981358410123974,-43.20481648229628,0,0,0,0,284,284
262,573926165291408991,Loft encantador de 1 quarto no centro do Rio de Janeiro,entire_home,"4,85",-22.91703,-43.17702,0,0,0,0,290,333
263,1197367479807840006,Copacabana Vista do C√©u,entire_home,0,-22.965380505938594,-43.189153018368856,0,0,0,0,285,365
264,808060271039109978,Apartamento encantador com p√°tio,entire_home,"3,4",-22.9683537,-43.1823213,0,0,0,0,285,285
265,1162206359705300495,"St√∫dio RB - nov√≠ssimo! 
Ao lado do VLT/Metr√¥.",entire_home,0,-22.90806,-43.17539,0,0,0,0,282,472
266,22788107,Agrad√°vel apartamento pr√≥ximo a praia-Flamengo,entire_home,"4,75",-22.92833,-43.17483,0,0,0,0,285,285
267,1213380096080928484,Ipanema General Os√≥rio 24h,entire_home,0,-22.9848106,-43.19896019999999,0,0,0,0,282,542
268,54279029,Belo apartamento a 150mts da praia,entire_home,"3,91",-22.96539306640625,-43.178550720214844,0,0,0,0,282,482
269,1078291024051234695,Apartamento aconchegante,entire_home,0,-22.9276463,-43.2131207,0,0,0,0,285,285
270,2882788,Apartamento aconchegante,entire_home,0,-22.84199,-43.29682,0,0,0,0,285,285
271,7565463,20 Min. Do Centro do Rio de Janeiro,entire_home,"4,28",-22.90361,-43.12499,0,0,0,0,285,285
272,2753517,Apartamento em Ipanema - 715,entire_home,"4,32",-22.98432,-43.21125,0,0,0,0,282,582
273,1133284271266627155,Apartamento na Lapa,entire_home,0,-22.91122,-43.18889,0,0,0,0,285,285
274,648547806395251953,Apartamento Super Aconchegante em Copacabana,entire_home,"4,75",-22.98179,-43.19466,0,0,0,0,289,315
275,1082646012633558088,Lindo loft Copacabana com vista do Cristo Redentor,entire_home,"4,97",-22.967678953559975,-43.18715698147583,0,0,0,0,290,410
276,1183351021722539336,Aconchegante Apt com Vista Mar,entire_home,0,-22.9647066,-43.1755453,0,0,0,0,290,290
277,5335807,Apartamento no cora√ß√£o da boemia.,entire_home,"4,92",-22.92518,-43.1767,0,0,0,0,290,320
278,1101369892779590702,"Samba e Cultura no Centro, perto de tudo!",entire_home,0,-22.8999215,-43.1844354,0,0,0,0,288,468
279,1174124115396567790,Copacabana a apenas 200m da praia com quarto p/4!,entire_home,"4,75",-22.96443,-43.17438,0,0,0,0,296,496
280,1223122257160101928,Confort√°vel Flat PraiaCopacabana,entire_home,0,-22.98188,-43.19118,0,0,0,0,297,297
281,1221054792424006715,Apartamento estiloso reformado em Copacabana,entire_home,0,-22.983418032813923,-43.192518125883275,0,0,0,0,295,445
282,749834112073356884,Ipanema: Loft lindo na praia!,entire_home,"4,91",-22.98541,-43.1941,0,0,0,0,294,524
283,1189161835759673250,Su√≠te privativa.,entire_home,0,-22.9092006,-43.1065412,0,0,0,0,297,297
284,1081262949215372349,Flat de Frente pro Mar Barra,entire_home,0,-23.013536826612324,-43.30652961658068,0,0,0,0,295,325
285,983927680797795145,√≥timo apt em copa.,entire_home,0,-22.96969925164899,-43.185560419751525,0,0,0,0,295,445
286,732783795031879931,Em Promo√ß√£o: Copacabana Vista Mar Lateral,entire_home,"4,76",-22.97461,-43.18935,0,0,0,0,295,775
287,812322743724434111,"Est√∫dio perto do metr√¥, perto do centro da cidade e praias.",entire_home,0,-22.9170887,-43.1783297,0,0,0,0,296,296
288,1091497391498645922,Engenh√£o jogos shows jto. Barra,entire_home,0,-22.89375,-43.29965,0,0,0,0,297,445
289,1208698402003784896,Apartamento amplo com su√≠te!,entire_home,0,-22.9665,-43.18612,0,0,0,0,299,349
290,762995700101804062,"√ìtimo,charmoso e tranquilo !",entire_home,"4,74",-22.979665421310095,-43.19077089428902,0,0,0,0,300,460
291,1217354831979109329,"Ap√™ √Ågata, praia de Copacabana",entire_home,0,-22.9637341,-43.1787648,0,0,0,0,299,479
292,54144877,Apt Copacabana a 2 quadras do Arpoador e Ipanema,entire_home,"4,83",-22.985237,-43.192905,0,0,0,0,299,399
293,594874265835806657,Excelente apartamento pr√≥ximo ao Samb√≥dromo / Lapa,entire_home,"4,82",-22.91083,-43.20341,0,0,0,0,298,398
294,719711807760455888,Apartamento bem localizado em Ipanema,entire_home,"4,75",-22.98485,-43.19879,0,0,0,0,299,479
295,623006851590842002,Apto aconchegante com estacionamento interno.,entire_home,"4,74",-22.967697,-43.191135,0,0,0,0,311,411
296,1044240959426072815,Apartamento em Copacabana,entire_home,"4,27",-22.9714766,-43.1892632,0,0,0,0,311,491
297,744969836372981966,Apartamento em Botafogo,entire_home,"4,71",-22.951299720331736,-43.17794089516952,0,0,0,0,311,491
298,1073939469790754214,conjugado perfeito para seu laze,entire_home,"5,0",-22.98074,-43.21594,0,0,0,0,312,512
299,5220801,Condom√≠nio Santa 1016,entire_home,0,-22.97186,-43.18894,0,0,0,0,314,314
300,678279831023954233,Copa Beach Rio,entire_home,"4,92",-22.96339939653689,-43.175560757517815,0,0,0,0,318,468
301,1154441917521678961,Loft 319,entire_home,"5,0",-22.9840653,-43.21902499999999,0,0,0,0,316,536
302,1120465200609383192,Studio Moderno a 260m da Praia do Leblon |AE88/505,entire_home,"5,0",-22.984703686249116,-43.22769223117297,0,0,0,0,319,519
303,49929552,1Quarto com Vista Mar em Copacabana | BRX 58/1002,entire_home,"4,69",-22.96624,-43.17481,0,0,0,0,319,519
304,10234880,Apartamento luxo ha 500 m da praia de Copacabana,entire_home,"4,88",-22.96179,-43.17498,0,0,0,0,319,735
305,751711037648191951,"Ap√™ Turquesa, praia do Leme",entire_home,"4,89",-22.963249061864822,-43.17128296941519,0,0,0,0,317,507
306,44749978,2 quartos em Copacabana c/ Vista-Mar | PJ 135/808,entire_home,"4,57",-22.96498,-43.17431,0,0,0,0,319,604
307,20266851,"TOP LEBLON 2 QUADRAS DA PRAIA, METRO E SHOPPING",entire_home,"4,91",-22.98315,-43.22024,0,0,0,0,316,536
308,33968828,Copacabana apartamento aconchegante e silencioso.,entire_home,"4,88",-22.98079,-43.19341,0,0,0,0,318,468
309,54031484,Casa Hist√≥rica de Santa Teresa (Centro RJ),entire_home,"4,69",-22.91934,-43.18648,0,0,0,0,317,467
310,1157938595825155372,Copacabana,entire_home,0,-22.97875,-43.19042,0,0,0,0,318,318
311,8499916,MAR ABERTO - PENAMRIO -  Frente Mar Copacabana,entire_home,"4,76",-22.98211,-43.18945,0,0,0,0,321,521
312,1181984072378404272,Apartamento em Copacabana,entire_home,"5,0",-22.9766702,-43.1924406,0,0,0,0,320,320
313,2383310,Apartamento confort√°vel em Ipanema,entire_home,"4,87",-22.98418,-43.19454,0,0,0,0,321,491
314,735379759443116168,O Melhor Residencial com Servi√ßos do¬†Leblon,entire_home,"5,0",-22.979361,-43.2262129,0,0,0,0,321,421
315,657040934788474291,Apartamento no melhor lugar de Ipanema (04),entire_home,"4,5",-22.98654,-43.19039,0,0,0,0,324,474
316,1189235017953886730,praia do sul,entire_home,0,-22.97255277794779,-43.18866562008603,0,0,0,0,320,320
317,1064592025329272345,Agrad√°vel em Copa | Ideal para amigos | Sc602 Z4,entire_home,"4,81",-22.9662636460939,-43.18647942395877,0,0,0,0,323,623
318,690600683991184801,Apartamento Copacabana Princesinha do Mar,entire_home,"4,84",-22.96668,-43.18297,0,0,0,0,321,571
319,48314467,"Apartamento 1 quarto ,cozinha americana e banheiro",entire_home,0,-22.91731,-43.191,0,0,0,0,320,320
320,1430946,Ipanema / Arpoador / Excelente localiza√ß√£o,entire_home,"4,76",-22.985369,-43.19561789999999,0,0,0,0,325,445
321,1087799755067669990,"Apartamento em ipanema, 6 minutos da praia | Bt302",entire_home,"4,08",-22.98456,-43.19958,0,0,0,0,325,605
322,1086216731357833318,Apto Flamengo,entire_home,"5,0",-22.933341521946314,-43.17685563081561,0,0,0,0,325,525
323,1032002355502592364,Apto varanda vista mar Charitas,entire_home,"4,75",-22.9254419,-43.0942443,0,0,0,0,328,553
324,707239872838549616,Elegante Studio a 200m da praia e a 400 m do metro,entire_home,"4,65",-22.9700502,-43.1863643,0,0,0,0,335,535
325,1150779891724606856,Charme em Botafogo | Bem decorado | Sct1202 Z5,entire_home,"4,86",-22.94982,-43.18283,0,0,0,0,331,631
326,6213104,Cobertura Prudent 02,entire_home,"4,7",-22.98482,-43.19906,0,0,0,0,341,503
327,1034852485519979365,Apartamento novo e aconchegante,entire_home,0,-22.95604,-43.19845,0,0,0,0,331,331
328,1056714345021423720,Su√≠te frente mar adequado para trabalho Copacabana,entire_home,"4,82",-22.96183,-43.16954,0,0,0,0,338,388
329,1115834127568372916,Quarto Duplo com Banheiro Privativo,entire_home,0,-22.983521077151302,-43.1936104951065,0,0,0,0,338,338
330,1209740827353694615,Praia Copacabana (Novo e √≥timo custo benef√≠cio),entire_home,0,-22.97143016626473,-43.18506147712469,0,0,0,0,339,339
331,23018871,"2 QUARTOS COM  AR , REFORMADO A 1 QUADRA DA PRAIA",entire_home,"4,92",-22.96699,-43.18087,0,0,0,0,339,519
332,1202793133302779632,"junto a praia, metr√¥, com√©rcio.",entire_home,0,-22.964828387850364,-43.176589195737684,0,0,0,0,336,336
333,22876636,"Ipanema   sala e quarto , vista oceano. 816",entire_home,"4,67",-22.984307410231093,-43.21125216077628,0,0,0,0,338,588
334,817262025529766086,Casa com acesso r√°pido a Copacabana-,entire_home,0,-22.966306372974838,-43.192995361981225,0,0,0,0,339,339
335,53157646,Flat na melhor localiza√ß√£o de Copacabana&Ipanema 3,entire_home,"4,92",-22.98758,-43.1917,0,0,0,0,342,462
336,1223296430295978163,Apartamento aconchegante na Lagoa,entire_home,0,-22.9594192,-43.2023729,0,0,0,0,341,341
337,1211080704823882834,Apartamento na quadra da praia.,entire_home,0,-22.97767,-43.18837,0,0,0,0,342,342
338,1038385128623403908,Loft aconchegante na Lapa/RJ,entire_home,"5,0",-22.9120271,-43.1866716,0,0,0,0,342,342
339,867313667602886747,Apartamento(praia de Copacabana) Do lado da praia,entire_home,"3,83",-22.965759946776718,-43.17559710370439,0,0,0,0,344,369
340,562339990936024255,"Apt encantador em Copacabana, 50M da praia posto 3",entire_home,0,-22.9667,-43.18252,0,0,0,0,345,445
341,783181329652061364,Condom√≠nio com piscina,entire_home,0,-22.86402,-43.09765,0,0,0,0,342,342
342,1049307922844577713,Casa inteira em Icara√≠,entire_home,0,-22.90678547147205,-43.108663210706126,0,0,0,0,342,342
343,1193494505220108276,Apartamento Loft  Barra,entire_home,0,-23.012109414691537,-43.299454575219464,0,0,0,0,342,342
344,1175489962464192316,Casa para alugar por temporada,entire_home,0,-22.9957,-43.23464,0,0,0,0,345,365
345,41957315,Apartamento com linda vista em Santa Teresa,entire_home,0,-22.91694,-43.19043,0,0,0,0,342,342
346,696372343844715863,Curta o Rio junto a natureza da Floresta da Tijuca,entire_home,0,-22.97465407948084,-43.281263932585716,0,0,0,0,342,342
347,971874763582969239,"502-Est√∫dio no Cora√ß√£o de Copacabana, Posto 4",entire_home,"4,97",-22.9729171,-43.1884229,0,0,0,0,349,424
348,1086093234227551156,Flat no Melhor de Copacabana,entire_home,"5,0",-22.98772800540309,-43.19205515005508,0,0,0,0,347,467
349,45701072,Condom√≠nio Premium Su√≠tes 04,entire_home,"4,62",-22.9873,-43.19069,0,0,0,0,351,501
350,2046481,EST√öDIO üîù NO  LEBLON,entire_home,"4,76",-22.98223,-43.22319,0,0,0,0,351,571
351,46894134,Arpoador Premium Su√≠tes,entire_home,"4,54",-22.98829,-43.19184,0,0,0,0,351,501
352,21110872,Apartamento Hil√°rio de Gouv√™ia Copacabana,entire_home,"4,52",-22.96769,-43.18502,0,0,0,0,348,388
353,45700199,Condom√≠nio Premium Su√≠tes 02,entire_home,"4,75",-22.9873,-43.19069,0,0,0,0,351,501
354,45669734,Condom√≠nio Premium Su√≠tes 01,entire_home,"4,35",-22.9873,-43.19069,0,0,0,0,351,501
355,53157005,Flat na melhor localiza√ß√£o de Copacabana&Ipanema 2,entire_home,"4,93",-22.98824,-43.19031,0,0,0,0,354,474
356,1173019475991565012,Flat lindo e confort√°vel!,entire_home,0,-22.9525656,-43.1897724,0,0,0,0,356,456
357,1191193698791148130,Apartamento Decorado com Garagem | SQC 225/605,entire_home,0,-22.96647,-43.18999,0,0,0,0,354,639
358,53986103,Lev Apartments- Studio Copacabana P5 400m da Praia,entire_home,"4,24",-22.977295,-43.192619,0,0,0,0,355,455
359,6211077,Loft privado no estilo chique industrial de Santa Teresa,entire_home,"4,96",-22.92361,-43.18785,0,0,0,0,356,456
360,1167466890696052873,2Qtos em Copacabana a 170m da Praia | FS 42/505,entire_home,"4,6",-22.98188279678375,-43.19200703597509,0,0,0,0,354,639
361,1052816636663371887,Apartamento em Copacabana quadra da praia,entire_home,"5,0",-22.9645918,-43.1742672,0,0,0,0,362,512
362,983547468945485071,"Copa, 3 qrtos, garagem, Posto 4, c/ acessibilidade",entire_home,"5,0",-22.97554424618759,-43.19068204611539,0,0,0,0,364,514
363,849741395795355211,Apartamento/Loft reformado praia,entire_home,"5,0",-22.978977082390102,-43.19044500589371,0,0,0,0,365,515
364,1031849257754764703,Studio Caf√© Leblon,entire_home,0,-22.984142927628813,-43.22335705026244,0,0,0,0,365,565
365,54056845,Lev Apartments - Apto Copacabana - 300m da praia,entire_home,"4,47",-22.962864,-43.175606,0,0,0,0,363,463
366,1223463374256464626,g20 Rio de janeiro venha curtir,entire_home,0,-22.96328,-43.18189,0,0,0,0,365,365
367,1182546711705400565,"bem localizado, iluminado seguro",entire_home,0,-22.96013681743035,-43.201434805939954,0,0,0,0,363,363
368,989605237166563010,Studio Edif√≠cio Leblon,entire_home,0,-22.9834385,-43.223636,0,0,0,0,365,565
369,1209547765308402322,Seu Ref√∫gio ao P√© do Cristo,entire_home,0,-22.943062063863483,-43.19910342002236,0,0,0,0,365,365
370,1211604797799809064,Apartamento Santa Teresa,entire_home,0,-22.92007685469588,-43.18490792065858,0,0,0,0,456,456
371,683262506061618862,Condom√≠nio encantador com piscina,entire_home,"4,27",-22.90503,-43.24239,0,0,0,0,364,514
372,38953187,Apartamento na quadra da praia de Copacabana,entire_home,"4,96",-22.971521,-43.185436,0,0,0,0,371,571
373,1193019194715655280,"Copacabana RJ 
pr√≥x Copa'dor",entire_home,"5,0",-22.964974,-43.1907952,0,0,0,0,368,548
374,45971410,"Dois quartos de casal, banheiro, cozinha, frigobar",entire_home,"4,89",-22.92752,-43.23932,0,0,0,0,372,470
375,752685,Apart em Copacabana Rio Janeiro,entire_home,"4,8",-22.96351,-43.17191,0,0,0,0,368,548
376,10172742,botafogo 1011,entire_home,0,-22.94874,-43.18402,0,0,0,0,377,377
377,43778886,Apartamento na quadra da praia em Copacabana,entire_home,"4,81",-22.97385,-43.18833,0,0,0,0,377,377
378,1036607163621517728,Studio em Copacabana,entire_home,0,-22.985773547687664,-43.190115429461,0,0,0,0,374,434
379,52589896,Studio Novo Alto Luxo no Cora√ß√£o de Ipanema,entire_home,"4,92",-22.98494,-43.20515,0,0,0,0,373,553
380,50589850,Casa inteira - 3 andares - condom√≠nio fechado,entire_home,"4,96",-22.92032,-43.20941,0,0,0,0,373,673
381,284910,1BR Praia tel/net/cabo/e-lock,entire_home,"4,45",-22.961776553330363,-43.17607759712209,0,0,0,0,396,931
382,1176876669303542832,Apartamento com sabor de casa em Santa Teresa,entire_home,0,-22.92636151228343,-43.18989843260651,0,0,0,0,375,525
383,1216816968838085648,Casa kitnet,entire_home,0,-22.9159529,-43.1955653,0,0,0,0,377,377
384,958044524389425363,Lindo Apartamento Retrofit no Flamengo,entire_home,"4,91",-22.9258824,-43.1771095,0,0,0,0,380,580
385,704470730191017053,Apartamento em pr√©dio encantador - pr√≥x ao Cristo,entire_home,0,-22.93491353658468,-43.200658187270164,0,0,0,0,379,479
386,20134648,"9¬∫ andar, rec√©m-reformado a 2 min da praia.",entire_home,"4,54",-22.96612,-43.18317,0,0,0,0,386,706
387,52472870,Apartamento inteiro em Copacabana perto da praia,entire_home,"5,0",-22.96873,-43.18408,0,0,0,0,388,568
388,689100814095869104,Lobie Ipanema - Flat com dois quartos,entire_home,"4,12",-22.98496,-43.19457,0,0,0,0,390,490
389,1772732,Prudent Ipa 205,entire_home,"4,74",-22.98666,-43.19837,0,0,0,0,404,566
390,1160878636929722357,Apartamento para 6 pessoas em Copacabana | Pl804 Z,entire_home,"4,6",-22.973786959794477,-43.19306575908569,0,0,0,0,391,741
391,1772800,307 perto de Ipanema,entire_home,"4,4",-22.98238,-43.19233,0,0,0,0,404,566
392,690769330273423626,"<Espetacular Cora√ß√¢o Leblon
 Prox Praia metro",entire_home,0,-22.98221,-43.22311,0,0,0,0,394,394
393,4000148,Ipa Pent prudente 02,entire_home,"4,6",-22.98681,-43.199,0,0,0,0,404,566
394,929658836788562980,Apartamento praia de Copacabana,entire_home,"4,97",-22.964218083755547,-43.177179135382175,0,0,0,0,399,399
395,1123374957449690624,Apto 3,entire_home,0,-22.914532128574844,-43.181781044836676,0,0,0,0,400,400
396,46200862,Copacabana: 2 quartos com wi-fi e garagem,entire_home,"4,97",-22.96209726055954,-43.177219703793526,0,0,0,0,395,645
397,2818928,Leblon com vista para a Lagoa,entire_home,0,-22.98474,-43.21634,0,0,0,0,399,399
398,11550822,confort√°vel -  metr√¥  pr√≥ximo- Flat,entire_home,0,-22.93715,-43.17559,0,0,0,0,399,399
399,49358008,Linda casa Mobiliada 2quartos  no M√âIER,entire_home,0,-22.90471,-43.29236,0,0,0,0,399,399
400,2330025,vista maravilhosa do Leblon,entire_home,0,-22.98425,-43.21614,0,0,0,0,399,399
401,30067041,Moderno apartamento em Ipanema | Pm203 Z1,entire_home,"4,6",-22.98552,-43.20222,0,0,0,0,405,805
402,1763815,Ipa Prudente Penthouse ,entire_home,"4,5",-22.98634,-43.20033,0,0,0,0,409,409
403,799459935660361825,lofth solteiro humaita,entire_home,"4,94",-22.95761411072282,-43.19957725703716,0,0,0,0,405,445
404,558135166361121555,Apartamento colado no metr√¥ e perto da praia,entire_home,"4,67",-22.96631,-43.18306,0,0,0,0,404,434
405,1811801,Vinicius,entire_home,"4,66",-22.98405,-43.2034,0,0,0,0,409,409
406,731272199382589775,Apartamento na Pedra do Sal,entire_home,"5,0",-22.89821,-43.18612,0,0,0,0,408,468
407,904439909789715453,Studio vista Mar,entire_home,"4,96",-22.96409298041969,-43.1750049292077,0,0,0,0,423,593
408,1075507722610088593,APTO 107 Studio EnCanTo do Leblon,entire_home,0,-22.9834385,-43.223636,0,0,0,0,422,622
409,1138669660120006776,Copacabana Beach Rio de Janeiro,entire_home,"5,0",-22.971505229005412,-43.18459510000001,0,0,0,0,425,795
410,1216831600668768680,Apto perto  Floresta da Tijuca,entire_home,0,-22.94021,-43.25091,0,0,0,0,425,605
411,53731982,FLAT no cora√ß√£o do Leblon a 150 metros da praia!,entire_home,"4,61",-22.98416,-43.22719,0,0,0,0,430,610
412,754447916944179913,Apt. com vista deslumbrante e √≥tima localiza√ß√£o,entire_home,"4,92",-22.9267519,-43.1735473,0,0,0,0,428,628
413,1212924764598583823,Apartamento um quarto Leme/Copa,entire_home,0,-22.9617094,-43.1743854,0,0,0,0,430,650
414,1204376647077708500,Copacabana 800 metro praia Apt todo seuAri Barroso,entire_home,0,-22.96028,-43.17068,0,0,0,0,430,430
415,651422605494032135,X√çCARA EXPLENDIDO,entire_home,0,-22.9682661,-43.18369819999999,0,0,0,0,430,430
416,657070697242100627,Cobertura no melhor lugar de Ipanema (03),entire_home,"4,6",-22.98691,-43.18969,0,0,0,0,438,588
417,12026001,Lindo flat melhor ponto do Leblon,entire_home,"4,25",-22.98414,-43.22913,0,0,0,0,414,687
418,1123984772484407017,Copacabana 3 quartos garagem.,entire_home,"5,0",-22.9677304,-43.1828264,0,0,0,0,435,685
419,1006756829395710623,Apartamento 104 na Praia do Flamengo,entire_home,"4,79",-22.9301996,-43.1741126,0,0,0,0,434,434
420,1079919816758212705,Apartamento Santa Teresa  Vista do Alto,entire_home,"5,0",-22.930387813413187,-43.195766508579254,0,0,0,0,434,434
421,5131398,Apartamento moderno em Copacabana,entire_home,0,-22.97772,-43.19058,0,0,0,0,434,434
422,1206829368726497819,Apartamento Botafogo,entire_home,0,-22.94326,-43.18735,0,0,0,0,433,593
423,2537583,Ap√™ p/ Temporada - 5 Mins da Praia/Pedra da Gavea,entire_home,0,-22.99365,-43.25238,0,0,0,0,435,685
424,10184012,Apto semi mobiliado,entire_home,0,-22.91298,-43.24251,0,0,0,0,434,434
425,1011485966308520289,Decorado de 2Qtos em Ipanema | NS8/102,entire_home,"4,73",-22.98248520239536,-43.19833401699712,0,0,0,0,443,728
426,53311111,2 Quartos em Copacabana com Garagem | BC 473/704,entire_home,"4,84",-22.98234,-43.19355,0,0,0,0,443,728
427,1041198752514561261,Apartamento em Ipanema 3 min at√© a praia andando.,entire_home,"5,0",-22.985369,-43.19561789999999,0,0,0,0,442,622
428,1152162449789166818,Excelente em Ipanema |Ambiente familiar| Bt101 Z2,entire_home,"5,0",-22.9845,-43.19571,0,0,0,0,441,741
429,51487640,Apartamento 3 quartos em Copacabana,entire_home,"4,79",-22.9779,-43.19037,0,0,0,0,446,696
430,2569225,Boemia Carioca ,entire_home,0,-22.92022,-43.18513,0,0,0,0,448,648
431,1182724928549947050,By Mascaro- 350 Mega WiFi- 3 quartos,entire_home,"5,0",-22.972082113434922,-43.19225013256073,0,0,0,0,450,710
432,3088560,COPACABANA - 12,entire_home,0,-22.96937,-43.18958,0,0,0,0,453,673
433,1003612933235345552,√ìtimo apartamento -temporada.,entire_home,0,-22.9840261,-43.1939087,0,0,0,0,456,456
434,716876889838869460,"Apartamento charmoso
em Copacabana",entire_home,0,-22.97505,-43.18881,0,0,0,0,456,456
435,1190977980281782002,"Cobertura ao ar livre
Sinta-se nas nuvens",entire_home,0,-22.99464,-43.23796,0,0,0,0,456,456
436,676983,Penthouse ipanema,entire_home,"4,75",-22.98399,-43.20804,0,0,0,0,468,630
437,52519268,Loft-201 a pr√≥ximo praia,entire_home,"4,0",-22.91101,-43.10275,0,0,0,0,456,456
438,1133597383352972352,Apartamento Luxurystay4all com 1 cama,entire_home,0,-22.98162747240018,-43.19235759971639,0,0,0,0,464,514
439,490098,Charmoso Studio no ponto mais quente do Leblon!,entire_home,"4,94",-22.98497,-43.22551,0,0,0,0,476,800
440,1136427346478228417,Apartamento cl√°ssico orla Copacabana,entire_home,0,-22.9719757,-43.1921223,0,0,0,0,464,514
441,822500735053710944,Para√≠so em Copacabana,entire_home,0,-22.969077653452324,-43.184729189310445,0,0,0,0,462,502
442,1157933914721537589,Ns406| Studio completo perto da praia,entire_home,"4,75",-22.97881,-43.19187,0,0,0,0,479,729
443,1099799091401210142,Semana especial. Loft em condom√≠nio fechado.,entire_home,"5,0",-22.9974499,-43.2756967,0,0,0,0,477,637
444,14253754,Apart. 2 Bedroom Botafogo- vista p/ P√£o de A√ß√∫car,entire_home,"4,96",-22.94287,-43.18336,0,0,0,0,478,815
445,32357223,Linda casa em rua calma com vista para o Cristo,entire_home,"4,75",-22.95775,-43.20133,0,0,0,0,476,625
446,11861453,CORES DA LAPA - para√≠so no centro!,entire_home,"4,79",-22.91314,-43.18393,0,0,0,0,478,628
447,1008886543558032694,Lindo dois quartos na praia de Copacabana,entire_home,"4,57",-22.96798,-43.17967,0,0,0,0,486,813
448,857204974951710914,Linda casa com terra√ßo no Horto,entire_home,"4,9",-22.965242105180813,-43.23162699087202,0,0,0,0,485,685
449,9976637,Duplex Charmoso - √ìtima localiza√ß√£o e seguran√ßa.,entire_home,0,-22.903961,-43.170235,0,0,0,0,483,653
450,616752403075468111,Familia um bem maior,entire_home,"5,0",-22.96783,-43.18283,0,0,0,0,486,1036
451,763538134906941044,Apartamento aconchegante e encantador em Ipanema,entire_home,0,-22.97828,-43.19968,0,0,0,0,482,662
452,1199579493408878340,Veleiro Fascina√ß√£o,entire_home,0,-22.92217,-43.17027,0,0,0,0,491,491
453,1155303921720415447,Rio Camarote VIP Executivo Samba Maracan√£ Museus,entire_home,0,-22.92601288430284,-43.255687564750396,0,0,0,0,490,790
454,17711390,Loft AP3 | Ipanema - by Injoy (Estadia curta e longa),entire_home,"4,61",-22.98019,-43.20479,0,0,0,0,496,496
455,1879333,Ipa Prudente 1108,entire_home,"4,57",-22.98668,-43.20034,0,0,0,0,504,504
456,1196564594517889958,Apartamento moderno no Leblon,entire_home,0,-22.98015805318908,-43.22309587150812,0,0,0,0,502,702
457,22625326,Apartamento vista mar 1.503,entire_home,"4,61",-22.98507,-43.20255,0,0,0,0,500,750
458,45842771,Relaxe. No ponto mais seguro de Copacabana,entire_home,"4,63",-22.97359,-43.18898,0,0,0,0,499,799
459,1065156540179461978,Aconchego do Humait√°,entire_home,"4,67",-22.9569898,-43.198384,0,0,0,0,508,708
460,585387881086363613,"Copacabana, Apartamento pequeno, mas confort√°vel",entire_home,"5,0",-22.97265,-43.19196,0,0,0,0,514,514
461,608123896849276277,Apartamento em Copacabana - RJ,entire_home,0,-22.98005,-43.19282,0,0,0,0,514,514
462,1221008920405831959,Edif√≠cio hist√≥rico: incr√≠vel praia do Flamengo,entire_home,0,-22.9355331,-43.1745081,0,0,0,0,513,913
463,54047310,Ref√∫gio praiano: Apto reformado a 100m da praia,entire_home,"4,66",-22.961912155151367,-43.16789627075195,0,0,0,0,510,740
464,1215084733006511996,Apartamento 1 quarto engenh√£o,entire_home,0,-22.89163,-43.28536,0,0,0,0,514,514
465,655733416922243715,Copa Luxor,entire_home,0,-22.971629,-43.1875368,0,0,0,0,510,660
466,698496777166923918,Barra da Tijuca Vista Mar,entire_home,"4,94",-23.01429,-43.29889,0,0,0,0,515,655
467,22626168,Posto 9 ipanema 207-704,entire_home,"4,42",-22.98403,-43.2024,0,0,0,0,515,765
468,1071713095792838317,Copacabana / Rio de Janeiro,entire_home,"5,0",-22.9621149,-43.1769144,0,0,0,0,518,718
469,1129745195489580306,Aparto Behind Copacabana Palace,entire_home,0,-22.9663756,-43.17933730000001,0,0,0,0,514,664
470,1215103392623428792,Ipanema Studio pertinho de tudo!,entire_home,0,-22.98397,-43.19478,0,0,0,0,535,685
471,53711391,Apartamento com vista completinho com garagem,entire_home,"4,96",-22.94643,-43.1823,0,0,0,0,535,685
472,1025371853764552246,Apartamento aconchegante,entire_home,"5,0",-22.93901,-43.17794,0,0,0,0,533,561
473,1085767755248594372,Casa pr√≥xima √° praia,entire_home,0,-22.9641358,-43.1898909,0,0,0,0,531,531
474,1082152989156852232,"Casa de praia em jacone, Saquarema.",entire_home,0,-22.9252227,-43.2143264,0,0,0,0,535,685
475,809273308223516111,apart. Centro/Lapa/metr√¥ 10 minutos de Copacabana,entire_home,0,-22.9110757,-43.1776542,0,0,0,0,530,650
476,1029156564715857885,Casa aconchegante com terra√ßo,entire_home,0,-22.93731,-43.18966,0,0,0,0,538,708
477,623671077777035635,"Ap√™ da Humberto, no bairro mais charmoso do RJ.",entire_home,"4,83",-22.98336,-43.22458,0,0,0,0,546,776
478,1080533097015300858,Frente-Mar no Rio de Janeiro,entire_home,"5,0",-22.9942197,-43.2340508,0,0,0,0,548,548
479,1199964025041717561,Apartamento moderno Copacabana,entire_home,0,-22.966257494346454,-43.182562590625935,0,0,0,0,548,548
480,1219896143515188151,Lindo Loft em Laranjeiras!,entire_home,0,-22.93573,-43.18881,0,0,0,0,548,548
481,555077745473186277,Quarto encantador um ao outro na frente da praia,entire_home,0,-22.96101601857017,-43.16759666737025,0,0,0,0,548,548
482,1040096983178903286,Studio aconchegante em Copa.,entire_home,0,-22.968641761569394,-43.18580076098442,0,0,0,0,548,548
483,38781254,Copacabana Charmoso 3 qtos,entire_home,"4,8",-22.96399,-43.17544,0,0,0,0,549,799
484,1906779,Excelente apt Copacabana 4 qts/3 ban - 1qd praia.,entire_home,"4,74",-22.98439,-43.19137,0,0,0,0,555,785
485,1075381613530642397,"Apartamento em Copacabana ideal para familias, 3 m",entire_home,"4,79",-22.981103136004194,-43.191680632343726,0,0,0,0,557,957
486,9192648,Condo visco 501,entire_home,0,-22.98472,-43.20946,0,0,0,0,567,567
487,9748445,condo melo 101,entire_home,0,-22.98366,-43.19753,0,0,0,0,567,567
488,32685781,Cantinho do Rio. Conforto e lazer!,entire_home,"4,75",-22.91079,-43.20291,0,0,0,0,556,856
489,856435034922273644,Cantinho do Rio 2. Conforto e Lazer!,entire_home,0,-22.910752258162347,-43.20109601807199,0,0,0,0,556,857
490,950696660893957586,"Vista para a praia de Copacabana, quarto e sala",entire_home,"4,4",-22.97474,-43.18767,0,0,0,0,560,833
491,22664836,Ipanema sala 2 quartos Vp 207,entire_home,"4,45",-22.98545,-43.20094,0,0,0,0,560,810
492,1197291349439617166,Copacabana Beach!,entire_home,0,-22.966202644687492,-43.192133872782264,0,0,0,0,560,560
493,646360579738934457,Maravilhosa de Copa,entire_home,0,-22.97329,-43.1867,0,0,0,0,560,710
494,651375635621983538,OCEAN COPA,entire_home,0,-22.9798,-43.19047,0,0,0,0,560,710
495,1084819331767439725,Apartamento aconchegante no Est√°cio,entire_home,0,-22.91671151762582,-43.207954329638675,0,0,0,0,557,625
496,1185799112765384055,Luxo em Copacabana,entire_home,"5,0",-22.97287,-43.18583,0,0,0,0,565,815
497,3124781,3 Quartos Copacabana / pr√≥ximo √† praia,entire_home,"4,76",-22.966157913208008,-43.178611755371094,0,0,0,0,567,705
498,902851690775164465,Apartamento VistaRio,entire_home,"4,82",-22.90335514705016,-43.1346488319329,0,0,0,0,571,661
499,1080431850391670589,Melhor localiza√ß√£o de Copacabana,entire_home,0,-22.975636915163243,-43.193018920719624,0,0,0,0,571,571
500,1169523898887581146,alugo apartamento rock in rio,entire_home,0,-22.96964,-43.18547,0,0,0,0,569,719
501,989384710982678388,Cidade maravilhosa Leme -Rj,entire_home,0,-22.9632949,-43.17187819999999,0,0,0,0,571,571
502,3023016,NOVO APTO EXCELENTE LOCALIZA√á√ÉO,entire_home,"4,75",-22.96272,-43.16624,0,0,0,0,571,571
503,4750172,AP no Jardim Bot√¢nico ,entire_home,0,-22.95782,-43.20285,0,0,0,0,571,571
504,11297933,Apartamento 3km do est√°dio Maracan√£,entire_home,0,-22.90205,-43.25128,0,0,0,0,571,571
505,961674713271123577,Raridade em Copacabana Tranquilo e elegante,entire_home,"4,84",-22.97359595046235,-43.19028370612979,0,0,0,0,584,679
506,2664136,Est√∫dio Ipanema com vista encantadora jardim at√© 3 h√≥spedes,entire_home,"4,76",-22.98696,-43.19478,0,0,0,0,606,844
507,52443316,alugo  apartamento para Rock in Rio,entire_home,"3,5",-22.91541,-43.2007,0,0,0,0,586,866
508,3293506,,entire_home,0,-22.90857,-43.19612,0,0,0,0,589,719
509,52402583,Loft AP6 | Ipanema - by Injoy (curta e longa estadia),entire_home,"4,86",-22.98018,-43.20404,0,0,0,0,592,592
510,52970978,"COPACABANA, a praia mais famosa do mundo.",entire_home,"5,0",-22.963734,-43.175091,0,0,0,0,591,736
511,1083307893362791234,Copacabana,entire_home,0,-22.96354,-43.17523,0,0,0,0,590,890
512,782478322520128162,Rio Rentals 021 - T029 apartamento de luxo de 3 quartos (1 su√≠te) em Copacabana.,entire_home,"4,25",-22.97711,-43.19099,0,0,0,0,600,840
513,1024449242121997394,Casa Carambola,entire_home,0,-22.955013117089422,-43.17204438149929,0,0,0,0,596,796
514,739206012254877450,2 Qtos Reformado - Terra√ßo c/ Vista - 5min Metr√¥,entire_home,"5,0",-22.9336,-43.24357,0,0,0,0,600,800
515,1018799298357010396,Apto no cora√ß√£o de Copacabana,entire_home,0,-22.973552147683122,-43.187767900004765,0,0,0,0,599,799
516,32584451,Loft Aconchegante Centro Niter√≥i / RJ Inter 1Gb,entire_home,"4,71",-22.89363999478714,-43.12134325504303,0,0,0,0,597,714
517,716628963855780124,Apartamento Rio de Janeiro,entire_home,"4,6",-22.96951,-43.18704,0,0,0,0,599,799
518,1056901091158778636,Localiza√ß√£  perfeita  em Copa,entire_home,0,-22.96867,-43.18281,0,0,0,0,600,810
519,861050895856985899,"Apartamento 2/4 entre Ipanema, Leblon e Lagoa",entire_home,"4,91",-22.98437197715452,-43.21542996278399,0,0,0,0,606,856
520,923641085284705457,Apartamento inteiro,entire_home,0,-22.93243608096035,-43.17495428075642,0,0,0,0,606,856
521,2717180,2 quartos aconchegantes no Leblon,entire_home,"4,73",-22.98307,-43.22372,0,0,0,0,621,894
522,53953860,3Qtos em Copacabana perto da Praia | FS 108/601,entire_home,"4,82",-22.98261,-43.19358,0,0,0,0,617,967
523,850066,Vinicius,entire_home,"4,0",-22.98379,-43.20211,0,0,0,0,630,630
524,651427335543766544,PRINCESINHA DE COPA,entire_home,0,-22.9634773,-43.1739033,0,0,0,0,620,770
525,12090388,"condo vis 401, ipanema",entire_home,0,-22.98441,-43.19498,0,0,0,0,630,630
526,1124784250270963796,Ap. Copacabana 3 quartos √† 3min da praia andando,entire_home,"5,0",-22.967452839001403,-43.18685868205332,0,0,0,0,642,842
527,651366386884088672,COPA FLOR,entire_home,0,-22.9647066,-43.1755453,0,0,0,0,640,790
528,1763878,Ipa barao 406,entire_home,"4,0",-22.98233,-43.20212,0,0,0,0,665,881
529,607928718110410220,Princesa do mar Copanema 50m da praia X Ipanema,entire_home,"4,57",-22.9831,-43.19198,0,0,0,0,653,833
530,1106463351585064169,APTO 106 Studio Garota do Leblon,entire_home,0,-22.9835503,-43.223636,0,0,0,0,656,856
531,11655166,Casa de Charme Centen√°ria: ideal para fotos!,entire_home,"4,9",-22.96465,-43.22558,0,0,0,0,656,856
532,45824319,"Lindo apto Copacabana, quase na esquina da praia",entire_home,"4,94",-22.96963,-43.1815,0,0,0,0,657,867
533,793748167792226683,Encantador apartamento em Ipanema,entire_home,0,-22.980953900650267,-43.19951521987404,0,0,0,0,656,856
534,769594382741494677,Aconchego do Flamengo,entire_home,"4,33",-22.929125499391773,-43.1743735447526,0,0,0,0,656,856
535,30783346,"√ìtimo apt Copacabana, 20 metros da praia",entire_home,"4,86",-22.97062,-43.18219,0,0,0,0,657,867
536,1217346692931894317,Cores do Rio | Apartamento aconchegante,entire_home,0,-22.934858756276235,-43.18023868056521,0,0,0,0,660,810
537,396849,Ff702| 3 Quartos no Leblon,entire_home,"4,72",-22.980856,-43.2206,0,0,0,0,660,1010
538,13710960,Excelente Apto em Copacabana- Novinho!,entire_home,"4,67",-22.96411,-43.17569,0,0,0,0,663,913
539,12344877,Lindo Qto e Sala em COPACABANA!,entire_home,0,-22.96416,-43.17504,0,0,0,0,663,3163
540,4578018,Apartamento compacto de um quarto,entire_home,0,-22.97062,-43.19141,0,0,0,0,700,1241
541,1051708772559571919,Ipanema One,entire_home,"4,94",-22.9848106,-43.19896019999999,0,0,0,0,677,977
542,7995967,Mar503.15| Flat na quadra da praia do Leblon,entire_home,"4,46",-22.98539,-43.22251,0,0,0,0,677,977
543,1219461372451648687,Melhor localiza√ß√£o da zona sul,entire_home,0,-22.978288751384802,-43.22563843762089,0,0,0,0,685,685
544,732783374847254617,Maravilhoso Leia as Regras,entire_home,0,-22.9757846,-43.1896449,0,0,0,0,684,684
545,948616052988885891,Casa Praiano,entire_home,0,-22.847130638224005,-43.253371877708084,0,0,0,0,685,685
546,775614079046683863,Santa Cabana - Rio de Janeiro,entire_home,"4,95",-22.921881,-43.1803755,0,0,0,0,693,753
547,5135263,Cobertura pr√≥ximo ao Est√°dio do Engenh√£o,entire_home,0,-22.88847,-43.27898,0,0,0,0,695,915
548,1107339047726517532,2 Quartos 2 Banheiros 5 Minutos a p√© Praia Ipanema,entire_home,"5,0",-22.983552247458046,-43.20245487057444,0,0,0,0,701,1028
549,1041813978641410519,"Apartamento Lagoa, Copacabana",entire_home,0,-22.97837,-43.19532,0,0,0,0,699,799
550,828367209254453004,2Qtos modernos cada/ Piscina e Garagem | SC 357/405,entire_home,"4,81",-22.964756372881247,-43.19363197412093,0,0,0,0,708,993
551,30032945,Recanto Apraz√≠vel do Alto,entire_home,"4,62",-22.97384,-43.28347,0,0,0,0,706,856
552,675276209220079568,"Conjugad√£o em Copacabana, a 100 metros da praia.",entire_home,0,-22.9639478,-43.17515880000001,0,0,0,0,706,856
553,13847292,Cobertura Completa no Flamengo,entire_home,0,-22.93633,-43.17671,0,0,0,0,706,856
554,797779725667987628,Apartamento Copacabana Posto 2.,entire_home,0,-22.964697810948408,-43.17547023296356,0,0,0,0,713,913
555,1005225170400881118,Apartamento no Leblon,entire_home,"4,8",-22.986835628091,-43.229379281401634,0,0,0,0,712,857
556,1019440963049531034,Quarto-sala aconchegante na Lapa,entire_home,0,-22.914413540609765,-43.189303239326435,0,0,0,0,713,913
557,597717061951316256,Apto TOP em Copacabana,entire_home,"4,6",-22.97767,-43.19159,0,0,0,0,720,970
558,1029962818975506647,alugo est√° casa,entire_home,0,-22.990224228838223,-43.253862153009024,0,0,0,0,730,730
559,11522866,condom√≠nio gomes 704,entire_home,"5,0",-22.98611,-43.19503,0,0,0,0,755,755
560,11522647,condom√≠nio gomes 704,entire_home,"5,0",-22.98512,-43.19477,0,0,0,0,755,755
561,441118,"IPANEMA apts reformados, internet",entire_home,"4,8",-22.98479,-43.19978,0,0,0,0,755,755
562,11174621,condo fco ota 307,entire_home,0,-22.98866,-43.19368,0,0,0,0,755,755
563,850820950357008177,The Enchanted House,entire_home,0,-22.914546976086406,-43.17597884684801,0,0,0,0,747,747
564,1153015264593174298,Eleg√¢ncia em Ipanema |Ideal p/ fam√≠lias| Vm201 Z1,entire_home,"4,83",-22.980818,-43.2027754,0,0,0,0,753,1153
565,689109495704745398,Moderna Acomoda√ß√£o Copacabana RJ >Confira!,entire_home,0,-22.9674,-43.18375,0,0,0,0,766,1295
566,1722384,Barao 406 ipanema,entire_home,"4,75",-22.98427,-43.20279,0,0,0,0,791,1007
567,9940113,Urq216| Studio no Leblon para 4 pessoas,entire_home,"4,57",-22.98081,-43.22507,0,0,0,0,778,1028
568,1061008300618694159,Apartament em condom√≠nio seguro com 2 quartos,entire_home,0,-22.8998684,-43.2280083,0,0,0,0,776,776
569,42175392,O melhor de COPACABANA,entire_home,"4,77",-22.96903,-43.18232,0,0,0,0,784,1084
570,1016628401137631427,Est√∫dio charmoso na G√°vea: Casas Pellegrino,entire_home,"4,77",-22.97531,-43.23409,0,0,0,0,793,913
571,1126104802030498716,Jon104| 2 quartos em Ipanema a 5 minutos da praia,entire_home,"4,8",-22.98203,-43.20564,0,0,0,0,792,1092
572,840834059496551855,Lindo Apartamento - Posto 9 - Ipanema,entire_home,"4,33",-22.981407108505024,-43.2006522448765,0,0,0,0,794,844
573,820041,prudente 108 ipanema,entire_home,"5,0",-22.98424,-43.20694,0,0,0,0,818,818
574,9206396,condo bartor 19801,entire_home,0,-22.98479,-43.19683,0,0,0,0,818,818
575,10097705,antopar do condom√≠nio,entire_home,"4,33",-22.98444,-43.19493,0,0,0,0,818,818
576,8627462,Penthouse Maria,entire_home,0,-22.98116,-43.20718,0,0,0,0,818,818
577,1119092329484112640,Casa de praia Barra/Itanhang√°,entire_home,"4,8",-22.98958,-43.29961,0,0,0,0,815,935
578,689970117018401805,Apartamento 2 quartos zona sul do Rio - Flamengo,entire_home,0,-22.93956,-43.1757,0,0,0,0,813,913
579,3193307,Vista privilegiada do Rio,entire_home,0,-22.98582,-43.24727,0,0,0,0,812,907
580,1212246251942430150,Sossego e paz no Centro do Rio!,entire_home,0,-22.90830163808377,-43.18195859152181,0,0,0,0,822,822
581,1040790746229502907,Venha curtir o R√©veillon,entire_home,0,-22.967454457038425,-43.185389644748895,0,0,0,0,830,1210
582,10065203,condom√≠nio vis 6044,entire_home,0,-22.98536,-43.19538,0,0,0,0,850,850
583,1074005204036585417,Cobertura d√∫plex vista mar Copacabana,entire_home,"4,5",-22.967883604635873,-43.18280406296253,0,0,0,0,841,1141
584,1138428584274331291,Maravilhoso 4 quartos na praia,entire_home,"5,0",-22.96628546283199,-43.178443126380444,0,0,0,0,841,1141
585,53153648,Casinha del√≠cia em rua tranquila perto do furdun√ßo,entire_home,0,-22.95733,-43.19909,0,0,0,0,844,844
586,27575934,Vista para o mar a poucos passos da praia,entire_home,"4,91",-22.96475,-43.17399,0,0,0,0,860,1010
587,1125474638344893429,Rio Spot Homes Flat C034A,entire_home,0,-22.96560433769054,-43.1740503455131,0,0,0,0,860,1010
588,699100292417205716,Rio Spot Copacabana/Ipanema U048,entire_home,"4,67",-22.9839354,-43.1946723,0,0,0,0,860,1010
589,1087774648745318841,Estudio vista lateral para o mar em Copacabana,entire_home,"5,0",-22.96316,-43.17469,0,0,0,0,860,1010
590,880248187507060084,Apto Ipanema Posto 9 c/ Su√≠te,entire_home,0,-22.984072428128062,-43.20123491582476,0,0,0,0,863,1153
591,10423838,condom√≠nio Julio ca,entire_home,0,-22.9856,-43.19185,0,0,0,0,881,881
592,1192674487715293933,LiveRio Hostel vaga para 10,entire_home,0,-22.98265200166198,-43.201783785513875,0,0,0,0,867,867
593,755240430878158948,"Apartamento amplo confort√°vel 
com estacionamento.",entire_home,0,-22.9753447,-43.1900505,0,0,0,0,867,867
594,704408161470351720,Amplo 3Qtos a 130m da Praia de Ipanema | GC 50/501,entire_home,"4,73",-22.98666,-43.19766,0,0,0,0,885,1235
595,31255852,Ipanema; Farme de Amoedo; quadra da praia.,entire_home,"4,75",-22.98659,-43.20079,0,0,0,0,884,1084
596,1083971067984829690,Apartamento copacabana 3 quartos,entire_home,0,-22.9670699,-43.1846347,0,0,0,0,884,1084
597,1010139139962763948,"2 qtos, 5 min a p√© da praia Leblon, vista Cristo",entire_home,"4,75",-22.985515927352363,-43.22263275090518,0,0,0,0,888,1215
598,27453454,Apto vista para o mar a poucos passos da praia,entire_home,"4,82",-22.964752,-43.173988,0,0,0,0,903,1053
599,1172559632708439892,Incr√≠vel Apto pr√≥ximo a Pra√ßa Mau√° | Lobie,entire_home,0,-22.899218604517827,-43.17925184037266,0,0,0,0,899,999
600,1222670618499158124,Apto Atl√¢ntica Vista Mar,entire_home,0,-22.96399,-43.17571,0,0,0,0,900,900
601,47923271,TIFFANYS IPANEMA SENSACIONAL! At√© 6 h√≥spedes!!!,entire_home,"4,75",-22.98454,-43.20003,0,0,0,0,916,1015
602,707076816398114413,Cobertura Triplex em Copacabana,entire_home,"4,27",-22.98176,-43.19188,0,0,0,0,924,1004
603,823960567971265519,Carnaval espetacular em Santa Teresa,entire_home,0,-22.9360115873044,-43.20216551571514,0,0,0,0,924,1004
604,16122567,Apartamento S√£o Conrado,entire_home,0,-22.99428,-43.25572,0,0,0,0,923,923
605,2335690,"Copa 2014 - Apart 1,5 km Maracan√£",entire_home,0,-22.90733,-43.24377,0,0,0,0,920,970
606,1825112,"Ipa vis 804, 3 quartos",entire_home,"4,33",-22.98326,-43.2014,0,0,0,0,944,944
607,8703098,Condom√≠nio Joa 303,entire_home,0,-22.98552,-43.19066,0,0,0,0,944,944
608,9317750,condo fran 210,entire_home,0,-22.98445,-43.1912,0,0,0,0,944,944
609,814046054895010915,Apartamento vista mar Copacabana,entire_home,"4,94",-22.9673751,-43.1803808,0,0,0,0,941,1141
610,822472749493173451,Apartamento Inteiro em Copacabana,entire_home,0,-22.978659353789617,-43.19216058760861,0,0,0,0,941,1141
611,2581939,LeBLoN: 2 PaSSoS Da PRAiA & MeTR√î.,entire_home,"4,29",-22.98569,-43.22376,0,0,0,0,941,1141
612,578779516475227869,Apartamento espetacular 2 quadras o mar Copacabana,entire_home,"4,85",-22.9764,-43.19018,0,0,0,0,955,1255
613,11124577,condom√≠nio visc 804,entire_home,0,-22.98373,-43.19474,0,0,0,0,975,975
614,52603393,O melhor lugar em Ipanema ilive030,entire_home,"4,83",-22.985702514648438,-43.19514465332031,0,0,0,0,974,1404
615,12954777,Ap√™ da Dalza em Copacabana,entire_home,0,-22.96729,-43.18395,0,0,0,0,991,1141
616,42900784,Olha aqui essa vista da Praia!,entire_home,0,-22.9733894,-43.1867053,0,0,0,0,1000,1000
617,53956222,APARTAMENTO COPACABANA 02,entire_home,0,-22.96377,-43.19145,0,0,0,0,1000,1300
618,908877533565749505,casa da thay,entire_home,0,-22.85049,-43.28224,0,0,0,0,1007,1007
619,1225954028031988785,Conforto e Requinte - Leblon,entire_home,0,-22.9824881,-43.21867779999999,0,0,0,0,1027,1027
620,1035176929581623542,Uma estadia m√°gica em Santa Teresa.,entire_home,0,-22.9173,-43.18972,0,0,0,0,1056,1116
621,696530425914403173,Mansion Aline.,entire_home,"5,0",-22.9167913,-43.190625,0,0,0,0,1061,1151
622,962416092865715908,Apartamento qd praia Copacabana,entire_home,0,-22.96231670717363,-43.17565089679412,0,0,0,0,1038,1118
623,10559664,Apartamento inteiro para casal,entire_home,0,-22.91691,-43.18106,0,0,0,0,1069,1448
624,9332721,condo joaquim 510,entire_home,"4,83",-22.9876,-43.19556,0,0,0,0,1070,1070
625,10020384,condo btorre 708,entire_home,0,-22.98265,-43.20072,0,0,0,0,1070,1070
626,1459850,Ipa visconde 804,entire_home,0,-22.98525,-43.20551,0,0,0,0,1070,1070
627,1070937537575222421,Atl√¢ntico Collection,entire_home,"4,94",-22.9731023,-43.18632969999999,0,0,0,0,1055,1252
628,1142041251652932463,Apartamento aconchegante 2min da praia,entire_home,0,-22.96348,-43.1739,0,0,0,0,1084,1084
629,711076110676101766,Loft aconchegante com vista para lagoa,entire_home,0,-22.96157,-43.19988,0,0,0,0,1084,1084
630,2594098,Apartment Olympics Games - Maracan√£,entire_home,0,-22.92151,-43.24121,0,0,0,0,1084,1084
631,1200239581719611733,Aoartamento humilde,entire_home,0,-22.9708717,-43.1857601,0,0,0,0,1096,1096
632,10771230,condo dumont 502,entire_home,0,-22.98509,-43.21423,0,0,0,0,1133,1133
633,1036337132676252332,Lindo apart hotel!,entire_home,0,-22.907396953865497,-43.13092472739966,0,0,0,0,1141,1141
634,1080998040340131811,Temporada  apto. 2 quartos quadra da praia Ipanema,entire_home,0,-22.98543187191714,-43.20076547563076,0,0,0,0,1141,1141
635,3095899,Casa copacabana paz e amor,entire_home,"4,06",-22.9807,-43.19599,0,0,0,0,1141,1141
636,1039250858331898820,Promo√ß√£o final do ano,entire_home,0,-22.94391,-43.18366,0,0,0,0,1141,1141
637,53435619,Apto em Botafogo aconchegante,entire_home,0,-22.95484,-43.1808,0,0,0,0,1141,1141
638,1045611701259257714,Alugo por temporada de 10 dias 1000 reais o dia!,entire_home,0,-22.979247138738902,-43.19132405491168,0,0,0,0,1141,1141
639,14314615,Aluguel de quarto para duas meninas,entire_home,0,-22.90722,-43.17385,0,0,0,0,1141,1141
640,2930312,,entire_home,0,-22.92336,-43.21124,0,0,0,0,1141,1141
641,750818443976131489,Apartamento bem localizado em Copacabana + vista!,entire_home,0,-22.96803,-43.1885,0,0,0,0,1148,1198
642,41136050,Apartamento 3 quartos- Quadra da Praia-Prox.Metr√¥,entire_home,"4,45",-22.98445,-43.21815,0,0,0,0,1154,1404
643,958597596401414373,Apt¬∫ entre Copacabana e Arpoador,entire_home,"4,6",-22.9866016,-43.1905035,0,0,0,0,1158,1358
644,2664267,RJ Tijuca  Metr√¥ Saens Pena p/ 8 pessoas,entire_home,"4,65",-22.92663,-43.22829,0,0,0,0,1169,1369
645,9332647,Condom√≠nio Prudente 402,entire_home,0,-22.98533,-43.212,0,0,0,0,1195,1195
646,1003740454753726849,Leblon Boutique Ikonika 002 - 4 Quartos 8 pessoas,entire_home,"4,95",-22.9829747,-43.2163955,0,0,0,0,1175,1425
647,1106088123099476918,SuhcasaCopacabana 54 Maravilhosa,entire_home,"5,0",-22.9636137,-43.1761448,0,0,0,0,1187,1267
648,1213225315553981709,Apart hotel bem localizado,entire_home,0,-22.97489216672003,-43.19363231528604,0,0,0,0,1187,1187
649,1039705111245080998,Luxuoso 5 quartos Ipanema Beach,entire_home,0,-22.98506,-43.20681,0,0,0,0,1197,1597
650,847200065441747116,Luxo 5 quartos em Ipanema Beach,entire_home,0,-22.984954621911864,-43.20804098978169,0,0,0,0,1211,1711
651,689656216606922430,Cobertura Estilosa c/Vista Linda e Privacidade.,entire_home,"5,0",-22.962721,-43.203844,0,0,0,0,1255,1255
652,2769276,RIO DE JANEIRO - HUMAITA - P/ COPA,entire_home,0,-22.95761,-43.2002,0,0,0,0,1255,1255
653,812894766358919604,5 minutos da praia e do metr√¥.,entire_home,0,-22.980472853813772,-43.19266721488497,0,0,0,0,1255,1255
654,1087025779471661106,Lindo apto em Ipanema (Posto 9),entire_home,0,-22.98218419261016,-43.199243773354866,0,0,0,0,1278,1278
655,1113189029176136245,Apto Confort√°vel e Aconchegante,entire_home,0,-22.95801,-43.17743,0,0,0,0,1278,1278
656,1085685536042264719,Forte de Copacabana,entire_home,0,-22.98384,-43.19175,0,0,0,0,1278,1278
657,749302860013914198,(1008) A 150 Metros da Praia do Leblon com Piscina,entire_home,"4,53",-22.984592316893455,-43.22246823459864,0,0,0,0,1302,1302
658,555734040079897526,Copacabana Comfort Home,entire_home,0,-22.978579483249174,-43.190606089385355,0,0,0,0,1300,1480
659,28439986,Copacabana 4 qtos 07/ 15 p √† 02 quadras da praia,entire_home,"4,54",-22.9715,-43.18717,0,0,0,0,1326,1826
660,710820423232224437,G√°vea Nobre II,entire_home,0,-22.9779689,-43.2295218,0,0,0,0,1341,1541
661,48142113,Apto em Copacabana 2 quartos proximo a praia,entire_home,"5,0",-22.963032,-43.177376,0,0,0,0,1355,1535
662,1071272718919634274,Apartamento da estilista,entire_home,0,-22.97741766529024,-43.19594353437424,0,0,0,0,1369,1369
663,805678708999908578,Apartamento na Zona Sul,entire_home,0,-22.929641038377078,-43.18980255586914,0,0,0,0,1369,1369
664,2899080,Mundial Brasil 2014,entire_home,0,-22.92015,-43.21217,0,0,0,0,1369,1369
665,1009997489561756302,casa para temporada em niteroi,entire_home,0,-22.89677846992464,-43.1035856239334,0,0,0,0,1369,1369
666,902238496784952631,Apartamento lindo e confort√°vel,entire_home,0,-22.93250898011841,-43.187601837430776,0,0,0,0,1376,1426
667,52618146,Su√≠te Presidencial para Dia de Noiva de 180m2!,entire_home,0,-22.93792,-43.19821,0,0,0,0,1391,1541
668,1042893652949005376,Apartamento em Copacabana,entire_home,0,-22.96617,-43.19215,0,0,0,0,1426,1426
669,1089043897885324759,(1006) 2 Su√≠tes a 150 Metros da Praia do Leblon co,entire_home,"5,0",-22.98379329454673,-43.221569074620646,0,0,0,0,1446,1446
670,976779871022450699,Hotel Nacional RJ - 2806,entire_home,0,-22.9981,-43.24069,0,0,0,0,1461,1461
671,2774007,ALUGO APARTAMENTO PARA COPA,entire_home,0,-22.91961,-43.23735,0,0,0,0,1484,1484
672,2598991,Copa do mundo - 1km do Maracan√£,entire_home,0,-22.90704,-43.23946,0,0,0,0,1484,1484
673,1070417580332662928,Loft elegante na G√°vea: Casas Pellegrino,entire_home,"5,0",-22.975353616050896,-43.234507680687095,0,0,0,0,1498,1598
674,764296573646615028,O melhor lugar para o carnaval,entire_home,0,-22.95524,-43.17956,0,0,0,0,1494,1494
675,38781575,Lindo em Copacabana.,entire_home,"4,53",-22.97896,-43.19036,0,0,0,0,1519,1769
676,1033878226795248919,"Ipanema Prime, atr√°s do Country.",entire_home,0,-22.9845859,-43.2131097,0,0,0,0,1522,1792
677,8151310,condo melo,entire_home,"4,67",-22.98297,-43.19793,0,0,0,0,1574,1574
678,11047074,√ìtimo apartamento renovado a 1 quarteir√£o da praia!,entire_home,0,-22.98204,-43.1922,0,0,0,0,1574,1574
679,594147389552142846,CASA DO TRADER!!! 1,entire_home,0,-22.96193,-43.17594,0,0,0,0,1548,1598
680,20181642,Casas Spot Rio D038,entire_home,"4,63",-22.96606,-43.17816,0,0,0,0,1613,1763
681,9198768,"Condom√≠nio Joa 505, vista parcial para o mar",entire_home,0,-22.98575,-43.19063,0,0,0,0,1707,2518
682,2577888,Aconchegante Apartamento 2 quartos,entire_home,0,-22.95896,-43.20437,0,0,0,0,1680,1860
683,1217711733224696084,Luxo em Copacabana,entire_home,0,-22.9656427,-43.1765949,0,0,0,0,1712,1712
684,5268389,apto  Ipanema entre o mar e a Lagoa,entire_home,"5,0",-22.98101,-43.20094,0,0,0,0,1712,1712
685,8570531,Copa Beach,entire_home,0,-22.96568,-43.18657,0,0,0,0,1712,1712
686,1047157543400224115,Aluguel de apartamento amplo,entire_home,0,-22.9818682,-43.1909218,0,0,0,0,1712,1712
687,843320150208869460,Morada Palace - Maior R√©veillon!,entire_home,0,-22.96353,-43.18198,0,0,0,0,1712,1712
688,523207324218806564,Apartamento no cora√ß√£o do Leblon,entire_home,0,-22.9843,-43.22168,0,0,0,0,1712,1712
689,979709858504796747,Cobertura duplex no topo do  Rio -,entire_home,0,-22.93371,-43.20206,0,0,0,0,1712,1712
690,2923997,Apartamento de luxo Leblon ,entire_home,0,-22.98448,-43.22947,0,0,0,0,1712,1712
691,1784769,"luxuoso 2suites,servi√ßo e vista para o mar!",entire_home,0,-22.99651,-43.25947,0,0,0,0,1712,1712
692,2671491,Temporada para COPA 2014,entire_home,0,-22.92718,-43.17799,0,0,0,0,1712,1712
693,2694633,Oportunidade para World Cup 2014,entire_home,0,-22.91478,-43.23291,0,0,0,0,1712,1712
694,2553383,Loft para a Copa do Mundo,entire_home,0,-22.87797,-43.26266,0,0,0,0,1712,1712
695,2615212,aluguel de apto para a Copa - 2014,entire_home,0,-22.91403,-43.23085,0,0,0,0,1712,1712
696,13727398,Maravilhoso apartamento em S√£o Conrado,entire_home,0,-22.99676,-43.25695,0,0,0,0,1712,1712
697,627331513466961140,Apto endereco errado,entire_home,0,-22.95024,-43.18113,0,0,0,0,1716,1746
698,40259489,Luxuoso  3 su√≠tes na Quadra da Praia de Copacabana,entire_home,0,-22.97306,-43.18547,0,0,0,0,1747,1997
699,47316855,Alugo um espa√ßo tranquilo para passar o dia .,entire_home,0,-22.92501,-43.23954,0,0,0,0,1754,2054
700,1213068019945956260,"The Claridge Leblon, flat com servi√ßos",entire_home,0,-22.98535099720886,-43.226564303040504,0,0,0,0,1769,1769
701,7290147,"Apto 3 quartos, 2 minutos andando at√© a praia T011",entire_home,"4,53",-22.96965,-43.18379,0,0,0,0,1774,2024
702,13509445,ALUGO EXCELENTE APTO EM IPANEMA!,entire_home,0,-22.98505,-43.19424,0,0,0,0,1818,2568
703,1146314491801839256,Flat Copacabana,entire_home,0,-22.9716,-43.18842,0,0,0,0,1826,1826
704,1192676533185212513,LiveRio Casa inteira para 15,entire_home,0,-22.98226,-43.20037,0,0,0,0,1826,1826
705,1141890604354841075,Solar Mariano,entire_home,0,-22.92142,-43.18851,0,0,0,0,1826,1826
706,25760679,Passeio de Lancha no Rio de Janeiro,entire_home,0,-22.9538,-43.17329,0,0,0,0,1847,1997
707,1152160224313061228,Cobertura em Ipanema com vista para mar | Vsc1 Z1,entire_home,"4,33",-22.986927066582922,-43.208268428433485,0,0,0,0,1854,2554
708,3358198,Condom√≠nio Copa 1002,entire_home,0,-22.97992,-43.18995,0,0,0,0,1888,1888
709,2416701,Apto 3 qtos predio antigo charmoso ,entire_home,0,-22.93927,-43.19169,0,0,0,0,1888,1888
710,10560766,Apartamento inteiro para 4 pessoas.,entire_home,0,-22.91483,-43.1811,0,0,0,0,1888,1888
711,1163688785873250265,(1402) A 150 Metros da Praia do Leblon com Piscina,entire_home,"5,0",-22.983412141604706,-43.22327281294103,0,0,0,0,1928,1928
712,1072304787392399025,Flat em Ipanema,entire_home,0,-22.980390180914032,-43.20295516401529,0,0,0,0,1952,2202
713,740491446174422898,Casa 3 andares bem localizada com churrasqueira,entire_home,0,-22.91644,-43.23617,0,0,0,0,1968,2168
714,12310358,APARTAMENTO NA LAGOA - EXCELENTE,entire_home,0,-22.96169,-43.20381,0,0,0,0,2033,2033
715,1202905376447841679,Jo√° 13 pessoas,entire_home,0,-22.99809,-43.27518,0,0,0,0,4221,4221
716,2730327,"Vista para o lago, confort√°vel, com servi√ßo",entire_home,0,-22.97599,-43.19684,0,0,0,0,4720,4720
717,2196809,LOFT Duplex - (Copa do Mundo do Brasil),entire_home,0,-22.99593,-43.26055,0,0,0,0,4720,4720
718,2692189,,entire_home,0,-22.91282,-43.21808,0,0,0,0,4720,4720
719,1197867482314821540,yacht 49 feet rio de janeiro,entire_home,0,-22.92090913631302,-43.170425321026336,0,0,0,0,6847,6847
720,21190077,Mans√£o Ocean View -25 pessoas- 10 Su√≠tes Master-,entire_home,0,-22.9965,-43.2737,0,0,0,0,12000,12000
